strikePrice,expiryDate,PE,CE
12000,28-Sep-2023,"{'strikePrice': 12000, 'expiryDate': '28-Sep-2023', 'underlying': 'NIFTY', 'identifier': 'OPTIDXNIFTY28-09-2023PE12000.00', 'openInterest': 2, 'changeinOpenInterest': 0, 'pchangeinOpenInterest': 0, 'totalTradedVolume': 0, 'impliedVolatility': 0, 'lastPrice': 2.35, 'change': 0, 'pChange': 0, 'totalBuyQuantity': 15700, 'totalSellQuantity': 2400, 'bidQty': 1000, 'bidprice': 1.1, 'askQty': 1000, 'askPrice': 2.95, 'underlyingValue': 19435.3}","{'strikePrice': 12000, 'expiryDate': '28-Sep-2023', 'underlying': 'NIFTY', 'identifier': 'OPTIDXNIFTY28-09-2023CE12000.00', 'openInterest': 1, 'changeinOpenInterest': 0, 'pchangeinOpenInterest': 0, 'totalTradedVolume': 0, 'impliedVolatility': 0, 'lastPrice': 7850, 'change': 0, 'pChange': 0, 'totalBuyQuantity': 2000, 'totalSellQuantity': 4200, 'bidQty': 1750, 'bidprice': 7000.5, 'askQty': 1450, 'askPrice': 8016.85, 'underlyingValue': 19435.3}"
13000,28-Sep-2023,"{'strikePrice': 13000, 'expiryDate': '28-Sep-2023', 'underlying': 'NIFTY', 'identifier': 'OPTIDXNIFTY28-09-2023PE13000.00', 'openInterest': 5534, 'changeinOpenInterest': -15, 'pchangeinOpenInterest': -0.27031897639214275, 'totalTradedVolume': 418, 'impliedVolatility': 54.04, 'lastPrice': 1.85, 'change': 0.050000000000000044, 'pChange': 2.77777777777778, 'totalBuyQuantity': 39550, 'totalSellQuantity': 14000, 'bidQty': 1000, 'bidprice': 1.6, 'askQty': 100, 'askPrice': 1.9, 'underlyingValue': 19435.3}","{'strikePrice': 13000, 'expiryDate': '28-Sep-2023', 'underlying': 'NIFTY', 'identifier': 'OPTIDXNIFTY28-09-2023CE13000.00', 'openInterest': 10474, 'changeinOpenInterest': -2, 'pchangeinOpenInterest': -0.019091256204658267, 'totalTradedVolume': 12, 'impliedVolatility': 0, 'lastPrice': 6451.4, 'change': 86.69999999999982, 'pChange': 1.3622008892799318, 'totalBuyQuantity': 3800, 'totalSellQuantity': 3000, 'bidQty': 300, 'bidprice': 6453.95, 'askQty': 250, 'askPrice': 6467.15, 'underlyingValue': 19435.3}"
14000,28-Sep-2023,"{'strikePrice': 14000, 'expiryDate': '28-Sep-2023', 'underlying': 'NIFTY', 'identifier': 'OPTIDXNIFTY28-09-2023PE14000.00', 'openInterest': 504, 'changeinOpenInterest': 75, 'pchangeinOpenInterest': 17.482517482517483, 'totalTradedVolume': 237, 'impliedVolatility': 45.97, 'lastPrice': 2.3, 'change': -0.9500000000000002, 'pChange': -29.230769230769237, 'totalBuyQuantity': 31950, 'totalSellQuantity': 3400, 'bidQty': 200, 'bidprice': 2.3, 'askQty': 100, 'askPrice': 2.7, 'underlyingValue': 19435.3}","{'strikePrice': 14000, 'expiryDate': '28-Sep-2023', 'underlying': 'NIFTY', 'identifier': 'OPTIDXNIFTY28-09-2023CE14000.00', 'openInterest': 201, 'changeinOpenInterest': 1, 'pchangeinOpenInterest': 0.5, 'totalTradedVolume': 1, 'impliedVolatility': 0, 'lastPrice': 5322.85, 'change': -47.599999999999454, 'pChange': -0.8863316854267231, 'totalBuyQuantity': 5200, 'totalSellQuantity': 3050, 'bidQty': 200, 'bidprice': 5447.6, 'askQty': 300, 'askPrice': 5485.75, 'underlyingValue': 19435.3}"
15000,28-Sep-2023,"{'strikePrice': 15000, 'expiryDate': '28-Sep-2023', 'underlying': 'NIFTY', 'identifier': 'OPTIDXNIFTY28-09-2023PE15000.00', 'openInterest': 3959, 'changeinOpenInterest': 767, 'pchangeinOpenInterest': 24.028822055137844, 'totalTradedVolume': 1249, 'impliedVolatility': 38.28, 'lastPrice': 3, 'change': -0.7000000000000002, 'pChange': -18.918918918918923, 'totalBuyQuantity': 34100, 'totalSellQuantity': 10150, 'bidQty': 300, 'bidprice': 2.8, 'askQty': 2300, 'askPrice': 3, 'underlyingValue': 19435.3}","{'strikePrice': 15000, 'expiryDate': '28-Sep-2023', 'underlying': 'NIFTY', 'identifier': 'OPTIDXNIFTY28-09-2023CE15000.00', 'openInterest': 2507, 'changeinOpenInterest': -1, 'pchangeinOpenInterest': -0.03987240829346093, 'totalTradedVolume': 6, 'impliedVolatility': 0, 'lastPrice': 4487, 'change': 104, 'pChange': 2.372804015514488, 'totalBuyQuantity': 5350, 'totalSellQuantity': 4250, 'bidQty': 50, 'bidprice': 4474.15, 'askQty': 450, 'askPrice': 4496.75, 'underlyingValue': 19435.3}"
16000,28-Sep-2023,"{'strikePrice': 16000, 'expiryDate': '28-Sep-2023', 'underlying': 'NIFTY', 'identifier': 'OPTIDXNIFTY28-09-2023PE16000.00', 'openInterest': 11908, 'changeinOpenInterest': 40, 'pchangeinOpenInterest': 0.33704078193461406, 'totalTradedVolume': 1269, 'impliedVolatility': 30.82, 'lastPrice': 3.9, 'change': -0.3500000000000001, 'pChange': -8.235294117647062, 'totalBuyQuantity': 34750, 'totalSellQuantity': 11450, 'bidQty': 100, 'bidprice': 3.5, 'askQty': 200, 'askPrice': 3.9, 'underlyingValue': 19435.3}","{'strikePrice': 16000, 'expiryDate': '28-Sep-2023', 'underlying': 'NIFTY', 'identifier': 'OPTIDXNIFTY28-09-2023CE16000.00', 'openInterest': 6131, 'changeinOpenInterest': -12, 'pchangeinOpenInterest': -0.19534429431873676, 'totalTradedVolume': 28, 'impliedVolatility': 0, 'lastPrice': 3507.45, 'change': 97.94999999999982, 'pChange': 2.8728552573691104, 'totalBuyQuantity': 5550, 'totalSellQuantity': 4850, 'bidQty': 550, 'bidprice': 3483.4, 'askQty': 300, 'askPrice': 3501.75, 'underlyingValue': 19435.3}"
17000,28-Sep-2023,"{'strikePrice': 17000, 'expiryDate': '28-Sep-2023', 'underlying': 'NIFTY', 'identifier': 'OPTIDXNIFTY28-09-2023PE17000.00', 'openInterest': 30129, 'changeinOpenInterest': -147, 'pchangeinOpenInterest': -0.48553309552120494, 'totalTradedVolume': 3052, 'impliedVolatility': 22.88, 'lastPrice': 4.65, 'change': -0.39999999999999947, 'pChange': -7.920792079207911, 'totalBuyQuantity': 46250, 'totalSellQuantity': 22000, 'bidQty': 100, 'bidprice': 4.5, 'askQty': 1850, 'askPrice': 4.6, 'underlyingValue': 19435.3}","{'strikePrice': 17000, 'expiryDate': '28-Sep-2023', 'underlying': 'NIFTY', 'identifier': 'OPTIDXNIFTY28-09-2023CE17000.00', 'openInterest': 11766, 'changeinOpenInterest': 41, 'pchangeinOpenInterest': 0.34968017057569295, 'totalTradedVolume': 383, 'impliedVolatility': 0, 'lastPrice': 2497.7, 'change': 94.34999999999991, 'pChange': 3.925770278985579, 'totalBuyQuantity': 6600, 'totalSellQuantity': 4650, 'bidQty': 450, 'bidprice': 2500.7, 'askQty': 50, 'askPrice': 2510, 'underlyingValue': 19435.3}"
17450,28-Sep-2023,"{'strikePrice': 17450, 'expiryDate': '28-Sep-2023', 'underlying': 'NIFTY', 'identifier': 'OPTIDXNIFTY28-09-2023PE17450.00', 'openInterest': 205, 'changeinOpenInterest': 88, 'pchangeinOpenInterest': 75.21367521367522, 'totalTradedVolume': 563, 'impliedVolatility': 19.16, 'lastPrice': 4.55, 'change': -1.2999999999999998, 'pChange': -22.22222222222222, 'totalBuyQuantity': 26000, 'totalSellQuantity': 3400, 'bidQty': 400, 'bidprice': 4.5, 'askQty': 250, 'askPrice': 4.55, 'underlyingValue': 19435.3}","{'strikePrice': 17450, 'expiryDate': '28-Sep-2023', 'underlying': 'NIFTY', 'identifier': 'OPTIDXNIFTY28-09-2023CE17450.00', 'openInterest': 11, 'changeinOpenInterest': 0, 'pchangeinOpenInterest': 0, 'totalTradedVolume': 0, 'impliedVolatility': 0, 'lastPrice': 1940, 'change': 0, 'pChange': 0, 'totalBuyQuantity': 6050, 'totalSellQuantity': 6050, 'bidQty': 1500, 'bidprice': 1890.7, 'askQty': 1500, 'askPrice': 2158.55, 'underlyingValue': 19435.3}"
17500,28-Sep-2023,"{'strikePrice': 17500, 'expiryDate': '28-Sep-2023', 'underlying': 'NIFTY', 'identifier': 'OPTIDXNIFTY28-09-2023PE17500.00', 'openInterest': 15482, 'changeinOpenInterest': 201, 'pchangeinOpenInterest': 1.3153589424775864, 'totalTradedVolume': 11800, 'impliedVolatility': 18.94, 'lastPrice': 4.9, 'change': -0.34999999999999964, 'pChange': -6.66666666666666, 'totalBuyQuantity': 58650, 'totalSellQuantity': 18150, 'bidQty': 200, 'bidprice': 4.55, 'askQty': 1250, 'askPrice': 4.8, 'underlyingValue': 19435.3}","{'strikePrice': 17500, 'expiryDate': '28-Sep-2023', 'underlying': 'NIFTY', 'identifier': 'OPTIDXNIFTY28-09-2023CE17500.00', 'openInterest': 3750, 'changeinOpenInterest': 205, 'pchangeinOpenInterest': 5.782792665726375, 'totalTradedVolume': 454, 'impliedVolatility': 0, 'lastPrice': 2014.35, 'change': 99.69999999999982, 'pChange': 5.207218029404842, 'totalBuyQuantity': 5850, 'totalSellQuantity': 5800, 'bidQty': 150, 'bidprice': 2008.7, 'askQty': 50, 'askPrice': 2014.75, 'underlyingValue': 19435.3}"
17550,28-Sep-2023,"{'strikePrice': 17550, 'expiryDate': '28-Sep-2023', 'underlying': 'NIFTY', 'identifier': 'OPTIDXNIFTY28-09-2023PE17550.00', 'openInterest': 133, 'changeinOpenInterest': 96, 'pchangeinOpenInterest': 259.4594594594595, 'totalTradedVolume': 179, 'impliedVolatility': 18.63, 'lastPrice': 5.1, 'change': -0.6500000000000004, 'pChange': -11.304347826086962, 'totalBuyQuantity': 39350, 'totalSellQuantity': 750, 'bidQty': 800, 'bidprice': 4.7, 'askQty': 50, 'askPrice': 5.95, 'underlyingValue': 19435.3}","{'strikePrice': 17550, 'expiryDate': '28-Sep-2023', 'underlying': 'NIFTY', 'identifier': 'OPTIDXNIFTY28-09-2023CE17550.00', 'openInterest': 0, 'changeinOpenInterest': 0, 'pchangeinOpenInterest': 0, 'totalTradedVolume': 0, 'impliedVolatility': 0, 'lastPrice': 0, 'change': 0, 'pChange': 0, 'totalBuyQuantity': 4800, 'totalSellQuantity': 4800, 'bidQty': 250, 'bidprice': 1927.9, 'askQty': 250, 'askPrice': 1991.2, 'underlyingValue': 19435.3}"
17600,28-Sep-2023,"{'strikePrice': 17600, 'expiryDate': '28-Sep-2023', 'underlying': 'NIFTY', 'identifier': 'OPTIDXNIFTY28-09-2023PE17600.00', 'openInterest': 783, 'changeinOpenInterest': 215, 'pchangeinOpenInterest': 37.852112676056336, 'totalTradedVolume': 1004, 'impliedVolatility': 18.52, 'lastPrice': 5.75, 'change': -0.75, 'pChange': -11.538461538461538, 'totalBuyQuantity': 51000, 'totalSellQuantity': 1300, 'bidQty': 1400, 'bidprice': 5.4, 'askQty': 300, 'askPrice': 9.8, 'underlyingValue': 19435.3}","{'strikePrice': 17600, 'expiryDate': '28-Sep-2023', 'underlying': 'NIFTY', 'identifier': 'OPTIDXNIFTY28-09-2023CE17600.00', 'openInterest': 466, 'changeinOpenInterest': 2, 'pchangeinOpenInterest': 0.43103448275862066, 'totalTradedVolume': 14, 'impliedVolatility': 0, 'lastPrice': 1909, 'change': 87.29999999999995, 'pChange': 4.7922270406762895, 'totalBuyQuantity': 4600, 'totalSellQuantity': 4650, 'bidQty': 50, 'bidprice': 1890, 'askQty': 50, 'askPrice': 1937.85, 'underlyingValue': 19435.3}"
17650,28-Sep-2023,"{'strikePrice': 17650, 'expiryDate': '28-Sep-2023', 'underlying': 'NIFTY', 'identifier': 'OPTIDXNIFTY28-09-2023PE17650.00', 'openInterest': 102, 'changeinOpenInterest': 72, 'pchangeinOpenInterest': 240, 'totalTradedVolume': 272, 'impliedVolatility': 18.23, 'lastPrice': 6.05, 'change': -1.1000000000000005, 'pChange': -15.38461538461539, 'totalBuyQuantity': 42900, 'totalSellQuantity': 300, 'bidQty': 450, 'bidprice': 5.75, 'askQty': 300, 'askPrice': 9.8, 'underlyingValue': 19435.3}","{'strikePrice': 17650, 'expiryDate': '28-Sep-2023', 'underlying': 'NIFTY', 'identifier': 'OPTIDXNIFTY28-09-2023CE17650.00', 'openInterest': 1, 'changeinOpenInterest': 0, 'pchangeinOpenInterest': 0, 'totalTradedVolume': 0, 'impliedVolatility': 0, 'lastPrice': 1928.8, 'change': 0, 'pChange': 0, 'totalBuyQuantity': 6050, 'totalSellQuantity': 4550, 'bidQty': 3250, 'bidprice': 1650.2, 'askQty': 2750, 'askPrice': 1955.1, 'underlyingValue': 19435.3}"
17700,28-Sep-2023,"{'strikePrice': 17700, 'expiryDate': '28-Sep-2023', 'underlying': 'NIFTY', 'identifier': 'OPTIDXNIFTY28-09-2023PE17700.00', 'openInterest': 664, 'changeinOpenInterest': 15, 'pchangeinOpenInterest': 2.3112480739599386, 'totalTradedVolume': 1662, 'impliedVolatility': 17.83, 'lastPrice': 6.1, 'change': -0.9500000000000002, 'pChange': -13.475177304964541, 'totalBuyQuantity': 49850, 'totalSellQuantity': 1550, 'bidQty': 900, 'bidprice': 5.65, 'askQty': 200, 'askPrice': 9.45, 'underlyingValue': 19435.3}","{'strikePrice': 17700, 'expiryDate': '28-Sep-2023', 'underlying': 'NIFTY', 'identifier': 'OPTIDXNIFTY28-09-2023CE17700.00', 'openInterest': 356, 'changeinOpenInterest': 0, 'pchangeinOpenInterest': 0, 'totalTradedVolume': 0, 'impliedVolatility': 0, 'lastPrice': 1726.9, 'change': 6.7000000000000455, 'pChange': 0.3894895942332313, 'totalBuyQuantity': 4950, 'totalSellQuantity': 4900, 'bidQty': 50, 'bidprice': 1803.35, 'askQty': 50, 'askPrice': 1833.25, 'underlyingValue': 19435.3}"
17750,28-Sep-2023,"{'strikePrice': 17750, 'expiryDate': '28-Sep-2023', 'underlying': 'NIFTY', 'identifier': 'OPTIDXNIFTY28-09-2023PE17750.00', 'openInterest': 85, 'changeinOpenInterest': 7, 'pchangeinOpenInterest': 8.974358974358974, 'totalTradedVolume': 173, 'impliedVolatility': 17.77, 'lastPrice': 7, 'change': -0.7999999999999998, 'pChange': -10.256410256410255, 'totalBuyQuantity': 41350, 'totalSellQuantity': 3850, 'bidQty': 800, 'bidprice': 6.5, 'askQty': 1800, 'askPrice': 12.7, 'underlyingValue': 19435.3}","{'strikePrice': 17750, 'expiryDate': '28-Sep-2023', 'underlying': 'NIFTY', 'identifier': 'OPTIDXNIFTY28-09-2023CE17750.00', 'openInterest': 1, 'changeinOpenInterest': 0, 'pchangeinOpenInterest': 0, 'totalTradedVolume': 0, 'impliedVolatility': 0, 'lastPrice': 1851.4, 'change': 0, 'pChange': 0, 'totalBuyQuantity': 6300, 'totalSellQuantity': 4800, 'bidQty': 1500, 'bidprice': 1599.3, 'askQty': 2750, 'askPrice': 1848.3, 'underlyingValue': 19435.3}"
17800,28-Sep-2023,"{'strikePrice': 17800, 'expiryDate': '28-Sep-2023', 'underlying': 'NIFTY', 'identifier': 'OPTIDXNIFTY28-09-2023PE17800.00', 'openInterest': 2422, 'changeinOpenInterest': 1, 'pchangeinOpenInterest': 0.041305245766212306, 'totalTradedVolume': 2944, 'impliedVolatility': 17.48, 'lastPrice': 7.4, 'change': -1.049999999999999, 'pChange': -12.426035502958568, 'totalBuyQuantity': 53450, 'totalSellQuantity': 4050, 'bidQty': 400, 'bidprice': 6.3, 'askQty': 300, 'askPrice': 8.9, 'underlyingValue': 19435.3}","{'strikePrice': 17800, 'expiryDate': '28-Sep-2023', 'underlying': 'NIFTY', 'identifier': 'OPTIDXNIFTY28-09-2023CE17800.00', 'openInterest': 219, 'changeinOpenInterest': 0, 'pchangeinOpenInterest': 0, 'totalTradedVolume': 6, 'impliedVolatility': 0, 'lastPrice': 1714.55, 'change': 89.75, 'pChange': 5.523756770064008, 'totalBuyQuantity': 6200, 'totalSellQuantity': 5800, 'bidQty': 50, 'bidprice': 1704.65, 'askQty': 50, 'askPrice': 1723.3, 'underlyingValue': 19435.3}"
17850,28-Sep-2023,"{'strikePrice': 17850, 'expiryDate': '28-Sep-2023', 'underlying': 'NIFTY', 'identifier': 'OPTIDXNIFTY28-09-2023PE17850.00', 'openInterest': 155, 'changeinOpenInterest': 6, 'pchangeinOpenInterest': 4.026845637583893, 'totalTradedVolume': 133, 'impliedVolatility': 17.36, 'lastPrice': 8.3, 'change': -1.5, 'pChange': -15.30612244897959, 'totalBuyQuantity': 46600, 'totalSellQuantity': 2050, 'bidQty': 400, 'bidprice': 7.65, 'askQty': 300, 'askPrice': 13.8, 'underlyingValue': 19435.3}","{'strikePrice': 17850, 'expiryDate': '28-Sep-2023', 'underlying': 'NIFTY', 'identifier': 'OPTIDXNIFTY28-09-2023CE17850.00', 'openInterest': 3, 'changeinOpenInterest': 0, 'pchangeinOpenInterest': 0, 'totalTradedVolume': 0, 'impliedVolatility': 0, 'lastPrice': 1560, 'change': 0, 'pChange': 0, 'totalBuyQuantity': 6050, 'totalSellQuantity': 4550, 'bidQty': 1500, 'bidprice': 1511.25, 'askQty': 1000, 'askPrice': 1741.5, 'underlyingValue': 19435.3}"
17900,28-Sep-2023,"{'strikePrice': 17900, 'expiryDate': '28-Sep-2023', 'underlying': 'NIFTY', 'identifier': 'OPTIDXNIFTY28-09-2023PE17900.00', 'openInterest': 2530, 'changeinOpenInterest': -502, 'pchangeinOpenInterest': -16.556728232189975, 'totalTradedVolume': 4908, 'impliedVolatility': 16.85, 'lastPrice': 8.1, 'change': -1.950000000000001, 'pChange': -19.402985074626873, 'totalBuyQuantity': 62450, 'totalSellQuantity': 5650, 'bidQty': 50, 'bidprice': 8.1, 'askQty': 50, 'askPrice': 10.85, 'underlyingValue': 19435.3}","{'strikePrice': 17900, 'expiryDate': '28-Sep-2023', 'underlying': 'NIFTY', 'identifier': 'OPTIDXNIFTY28-09-2023CE17900.00', 'openInterest': 352, 'changeinOpenInterest': 1, 'pchangeinOpenInterest': 0.2849002849002849, 'totalTradedVolume': 18, 'impliedVolatility': 0, 'lastPrice': 1603.6, 'change': 113.59999999999991, 'pChange': 7.624161073825498, 'totalBuyQuantity': 5850, 'totalSellQuantity': 6150, 'bidQty': 50, 'bidprice': 1610.05, 'askQty': 200, 'askPrice': 1621.2, 'underlyingValue': 19435.3}"
17950,28-Sep-2023,"{'strikePrice': 17950, 'expiryDate': '28-Sep-2023', 'underlying': 'NIFTY', 'identifier': 'OPTIDXNIFTY28-09-2023PE17950.00', 'openInterest': 201, 'changeinOpenInterest': 37, 'pchangeinOpenInterest': 22.5609756097561, 'totalTradedVolume': 238, 'impliedVolatility': 16.75, 'lastPrice': 9.2, 'change': -2.1000000000000014, 'pChange': -18.58407079646019, 'totalBuyQuantity': 47850, 'totalSellQuantity': 9100, 'bidQty': 50, 'bidprice': 8.7, 'askQty': 50, 'askPrice': 9, 'underlyingValue': 19435.3}","{'strikePrice': 17950, 'expiryDate': '28-Sep-2023', 'underlying': 'NIFTY', 'identifier': 'OPTIDXNIFTY28-09-2023CE17950.00', 'openInterest': 0, 'changeinOpenInterest': 0, 'pchangeinOpenInterest': 0, 'totalTradedVolume': 0, 'impliedVolatility': 0, 'lastPrice': 0, 'change': 0, 'pChange': 0, 'totalBuyQuantity': 6500, 'totalSellQuantity': 5000, 'bidQty': 1500, 'bidprice': 1489.05, 'askQty': 1000, 'askPrice': 1644.05, 'underlyingValue': 19435.3}"
18000,28-Sep-2023,"{'strikePrice': 18000, 'expiryDate': '28-Sep-2023', 'underlying': 'NIFTY', 'identifier': 'OPTIDXNIFTY28-09-2023PE18000.00', 'openInterest': 53026, 'changeinOpenInterest': 290, 'pchangeinOpenInterest': 0.5499089805825242, 'totalTradedVolume': 22185, 'impliedVolatility': 16.27, 'lastPrice': 9.1, 'change': -3.5, 'pChange': -27.77777777777778, 'totalBuyQuantity': 103400, 'totalSellQuantity': 21100, 'bidQty': 500, 'bidprice': 9.2, 'askQty': 750, 'askPrice': 9.8, 'underlyingValue': 19435.3}","{'strikePrice': 18000, 'expiryDate': '28-Sep-2023', 'underlying': 'NIFTY', 'identifier': 'OPTIDXNIFTY28-09-2023CE18000.00', 'openInterest': 23840, 'changeinOpenInterest': -70, 'pchangeinOpenInterest': -0.2927645336679214, 'totalTradedVolume': 777, 'impliedVolatility': 0, 'lastPrice': 1524.55, 'change': 98.84999999999991, 'pChange': 6.933436206775613, 'totalBuyQuantity': 7800, 'totalSellQuantity': 6450, 'bidQty': 200, 'bidprice': 1517.35, 'askQty': 100, 'askPrice': 1525, 'underlyingValue': 19435.3}"
18050,28-Sep-2023,"{'strikePrice': 18050, 'expiryDate': '28-Sep-2023', 'underlying': 'NIFTY', 'identifier': 'OPTIDXNIFTY28-09-2023PE18050.00', 'openInterest': 130, 'changeinOpenInterest': 15, 'pchangeinOpenInterest': 13.043478260869565, 'totalTradedVolume': 471, 'impliedVolatility': 15.94, 'lastPrice': 9.4, 'change': -4.949999999999999, 'pChange': -34.49477351916376, 'totalBuyQuantity': 49450, 'totalSellQuantity': 13450, 'bidQty': 50, 'bidprice': 9.35, 'askQty': 100, 'askPrice': 9.45, 'underlyingValue': 19435.3}","{'strikePrice': 18050, 'expiryDate': '28-Sep-2023', 'underlying': 'NIFTY', 'identifier': 'OPTIDXNIFTY28-09-2023CE18050.00', 'openInterest': 0, 'changeinOpenInterest': 0, 'pchangeinOpenInterest': 0, 'totalTradedVolume': 0, 'impliedVolatility': 0, 'lastPrice': 0, 'change': 0, 'pChange': 0, 'totalBuyQuantity': 5350, 'totalSellQuantity': 5350, 'bidQty': 200, 'bidprice': 1432.35, 'askQty': 150, 'askPrice': 1506.8, 'underlyingValue': 19435.3}"
18100,28-Sep-2023,"{'strikePrice': 18100, 'expiryDate': '28-Sep-2023', 'underlying': 'NIFTY', 'identifier': 'OPTIDXNIFTY28-09-2023PE18100.00', 'openInterest': 5393, 'changeinOpenInterest': -1300, 'pchangeinOpenInterest': -19.423278051695803, 'totalTradedVolume': 6970, 'impliedVolatility': 15.51, 'lastPrice': 9.05, 'change': -4.25, 'pChange': -31.954887218045116, 'totalBuyQuantity': 65450, 'totalSellQuantity': 16150, 'bidQty': 450, 'bidprice': 9.6, 'askQty': 1550, 'askPrice': 9.65, 'underlyingValue': 19435.3}","{'strikePrice': 18100, 'expiryDate': '28-Sep-2023', 'underlying': 'NIFTY', 'identifier': 'OPTIDXNIFTY28-09-2023CE18100.00', 'openInterest': 364, 'changeinOpenInterest': -9, 'pchangeinOpenInterest': -2.4128686327077746, 'totalTradedVolume': 20, 'impliedVolatility': 0, 'lastPrice': 1428.4, 'change': 106.90000000000009, 'pChange': 8.089292470677268, 'totalBuyQuantity': 7800, 'totalSellQuantity': 4800, 'bidQty': 400, 'bidprice': 1409.55, 'askQty': 700, 'askPrice': 1425.65, 'underlyingValue': 19435.3}"
18150,28-Sep-2023,"{'strikePrice': 18150, 'expiryDate': '28-Sep-2023', 'underlying': 'NIFTY', 'identifier': 'OPTIDXNIFTY28-09-2023PE18150.00', 'openInterest': 656, 'changeinOpenInterest': 104, 'pchangeinOpenInterest': 18.840579710144926, 'totalTradedVolume': 1045, 'impliedVolatility': 15.34, 'lastPrice': 10.6, 'change': -4.550000000000001, 'pChange': -30.033003300330037, 'totalBuyQuantity': 63950, 'totalSellQuantity': 14250, 'bidQty': 50, 'bidprice': 10.5, 'askQty': 1500, 'askPrice': 10.65, 'underlyingValue': 19435.3}","{'strikePrice': 18150, 'expiryDate': '28-Sep-2023', 'underlying': 'NIFTY', 'identifier': 'OPTIDXNIFTY28-09-2023CE18150.00', 'openInterest': 0, 'changeinOpenInterest': 0, 'pchangeinOpenInterest': 0, 'totalTradedVolume': 0, 'impliedVolatility': 0, 'lastPrice': 0, 'change': 0, 'pChange': 0, 'totalBuyQuantity': 7050, 'totalSellQuantity': 5550, 'bidQty': 1700, 'bidprice': 1266.8, 'askQty': 200, 'askPrice': 1410.25, 'underlyingValue': 19435.3}"
18200,28-Sep-2023,"{'strikePrice': 18200, 'expiryDate': '28-Sep-2023', 'underlying': 'NIFTY', 'identifier': 'OPTIDXNIFTY28-09-2023PE18200.00', 'openInterest': 11080, 'changeinOpenInterest': 959, 'pchangeinOpenInterest': 9.475348285742516, 'totalTradedVolume': 15128, 'impliedVolatility': 15, 'lastPrice': 11.15, 'change': -5.4, 'pChange': -32.62839879154079, 'totalBuyQuantity': 79500, 'totalSellQuantity': 15050, 'bidQty': 650, 'bidprice': 11, 'askQty': 50, 'askPrice': 11.15, 'underlyingValue': 19435.3}","{'strikePrice': 18200, 'expiryDate': '28-Sep-2023', 'underlying': 'NIFTY', 'identifier': 'OPTIDXNIFTY28-09-2023CE18200.00', 'openInterest': 465, 'changeinOpenInterest': -2, 'pchangeinOpenInterest': -0.4282655246252677, 'totalTradedVolume': 16, 'impliedVolatility': 0, 'lastPrice': 1317.05, 'change': 85.34999999999991, 'pChange': 6.9294471056263625, 'totalBuyQuantity': 8000, 'totalSellQuantity': 5800, 'bidQty': 500, 'bidprice': 1313.45, 'askQty': 250, 'askPrice': 1327.35, 'underlyingValue': 19435.3}"
18250,28-Sep-2023,"{'strikePrice': 18250, 'expiryDate': '28-Sep-2023', 'underlying': 'NIFTY', 'identifier': 'OPTIDXNIFTY28-09-2023PE18250.00', 'openInterest': 630, 'changeinOpenInterest': 248, 'pchangeinOpenInterest': 64.92146596858639, 'totalTradedVolume': 1722, 'impliedVolatility': 14.91, 'lastPrice': 12.45, 'change': -6.199999999999999, 'pChange': -33.24396782841823, 'totalBuyQuantity': 63000, 'totalSellQuantity': 13500, 'bidQty': 100, 'bidprice': 12.5, 'askQty': 500, 'askPrice': 12.55, 'underlyingValue': 19435.3}","{'strikePrice': 18250, 'expiryDate': '28-Sep-2023', 'underlying': 'NIFTY', 'identifier': 'OPTIDXNIFTY28-09-2023CE18250.00', 'openInterest': 1, 'changeinOpenInterest': 0, 'pchangeinOpenInterest': 0, 'totalTradedVolume': 0, 'impliedVolatility': 0, 'lastPrice': 1338.95, 'change': 0, 'pChange': 0, 'totalBuyQuantity': 6950, 'totalSellQuantity': 6950, 'bidQty': 1500, 'bidprice': 1118.95, 'askQty': 1500, 'askPrice': 1331.15, 'underlyingValue': 19435.3}"
18300,28-Sep-2023,"{'strikePrice': 18300, 'expiryDate': '28-Sep-2023', 'underlying': 'NIFTY', 'identifier': 'OPTIDXNIFTY28-09-2023PE18300.00', 'openInterest': 21031, 'changeinOpenInterest': 1555, 'pchangeinOpenInterest': 7.984185664407476, 'totalTradedVolume': 25150, 'impliedVolatility': 14.8, 'lastPrice': 14.55, 'change': -5.849999999999998, 'pChange': -28.676470588235286, 'totalBuyQuantity': 55550, 'totalSellQuantity': 15550, 'bidQty': 1250, 'bidprice': 14.2, 'askQty': 500, 'askPrice': 14.55, 'underlyingValue': 19435.3}","{'strikePrice': 18300, 'expiryDate': '28-Sep-2023', 'underlying': 'NIFTY', 'identifier': 'OPTIDXNIFTY28-09-2023CE18300.00', 'openInterest': 609, 'changeinOpenInterest': 19, 'pchangeinOpenInterest': 3.2203389830508473, 'totalTradedVolume': 172, 'impliedVolatility': 0, 'lastPrice': 1220.4, 'change': 82.35000000000014, 'pChange': 7.236061684460274, 'totalBuyQuantity': 7250, 'totalSellQuantity': 8300, 'bidQty': 50, 'bidprice': 1219.55, 'askQty': 50, 'askPrice': 1225.35, 'underlyingValue': 19435.3}"
18350,28-Sep-2023,"{'strikePrice': 18350, 'expiryDate': '28-Sep-2023', 'underlying': 'NIFTY', 'identifier': 'OPTIDXNIFTY28-09-2023PE18350.00', 'openInterest': 748, 'changeinOpenInterest': -233, 'pchangeinOpenInterest': -23.751274209989806, 'totalTradedVolume': 1696, 'impliedVolatility': 14.4, 'lastPrice': 15, 'change': -8.2, 'pChange': -35.3448275862069, 'totalBuyQuantity': 49400, 'totalSellQuantity': 3950, 'bidQty': 100, 'bidprice': 14.5, 'askQty': 50, 'askPrice': 21.25, 'underlyingValue': 19435.3}","{'strikePrice': 18350, 'expiryDate': '28-Sep-2023', 'underlying': 'NIFTY', 'identifier': 'OPTIDXNIFTY28-09-2023CE18350.00', 'openInterest': 21, 'changeinOpenInterest': 20, 'pchangeinOpenInterest': 2000, 'totalTradedVolume': 81, 'impliedVolatility': 0, 'lastPrice': 1156.9, 'change': -76.25, 'pChange': -6.1833515792888125, 'totalBuyQuantity': 6650, 'totalSellQuantity': 6150, 'bidQty': 200, 'bidprice': 1050.5, 'askQty': 200, 'askPrice': 1233.15, 'underlyingValue': 19435.3}"
18400,28-Sep-2023,"{'strikePrice': 18400, 'expiryDate': '28-Sep-2023', 'underlying': 'NIFTY', 'identifier': 'OPTIDXNIFTY28-09-2023PE18400.00', 'openInterest': 16388, 'changeinOpenInterest': 2148, 'pchangeinOpenInterest': 15.084269662921349, 'totalTradedVolume': 18866, 'impliedVolatility': 14.14, 'lastPrice': 16.2, 'change': -8.3, 'pChange': -33.87755102040816, 'totalBuyQuantity': 53850, 'totalSellQuantity': 12850, 'bidQty': 800, 'bidprice': 16, 'askQty': 50, 'askPrice': 16.2, 'underlyingValue': 19435.3}","{'strikePrice': 18400, 'expiryDate': '28-Sep-2023', 'underlying': 'NIFTY', 'identifier': 'OPTIDXNIFTY28-09-2023CE18400.00', 'openInterest': 636, 'changeinOpenInterest': 3, 'pchangeinOpenInterest': 0.47393364928909953, 'totalTradedVolume': 25, 'impliedVolatility': 0, 'lastPrice': 1121, 'change': 77.5, 'pChange': 7.426928605654048, 'totalBuyQuantity': 6450, 'totalSellQuantity': 8450, 'bidQty': 50, 'bidprice': 1121.8, 'askQty': 50, 'askPrice': 1135.1, 'underlyingValue': 19435.3}"
18450,28-Sep-2023,"{'strikePrice': 18450, 'expiryDate': '28-Sep-2023', 'underlying': 'NIFTY', 'identifier': 'OPTIDXNIFTY28-09-2023PE18450.00', 'openInterest': 2090, 'changeinOpenInterest': 426, 'pchangeinOpenInterest': 25.60096153846154, 'totalTradedVolume': 4239, 'impliedVolatility': 13.87, 'lastPrice': 17.55, 'change': -9.599999999999998, 'pChange': -35.35911602209944, 'totalBuyQuantity': 46900, 'totalSellQuantity': 7350, 'bidQty': 400, 'bidprice': 17.4, 'askQty': 500, 'askPrice': 18.25, 'underlyingValue': 19435.3}","{'strikePrice': 18450, 'expiryDate': '28-Sep-2023', 'underlying': 'NIFTY', 'identifier': 'OPTIDXNIFTY28-09-2023CE18450.00', 'openInterest': 0, 'changeinOpenInterest': 0, 'pchangeinOpenInterest': 0, 'totalTradedVolume': 0, 'impliedVolatility': 0, 'lastPrice': 0, 'change': 0, 'pChange': 0, 'totalBuyQuantity': 6700, 'totalSellQuantity': 6700, 'bidQty': 1500, 'bidprice': 932.7, 'askQty': 1500, 'askPrice': 1133.05, 'underlyingValue': 19435.3}"
18500,28-Sep-2023,"{'strikePrice': 18500, 'expiryDate': '28-Sep-2023', 'underlying': 'NIFTY', 'identifier': 'OPTIDXNIFTY28-09-2023PE18500.00', 'openInterest': 53447, 'changeinOpenInterest': 2551, 'pchangeinOpenInterest': 5.012181703866709, 'totalTradedVolume': 41691, 'impliedVolatility': 13.85, 'lastPrice': 20.7, 'change': -10.850000000000001, 'pChange': -34.389857369255154, 'totalBuyQuantity': 112650, 'totalSellQuantity': 25350, 'bidQty': 1600, 'bidprice': 20.5, 'askQty': 100, 'askPrice': 20.7, 'underlyingValue': 19435.3}","{'strikePrice': 18500, 'expiryDate': '28-Sep-2023', 'underlying': 'NIFTY', 'identifier': 'OPTIDXNIFTY28-09-2023CE18500.00', 'openInterest': 6550, 'changeinOpenInterest': -241, 'pchangeinOpenInterest': -3.548814607568841, 'totalTradedVolume': 1208, 'impliedVolatility': 0, 'lastPrice': 1029.2, 'change': 84.45000000000005, 'pChange': 8.938872717650177, 'totalBuyQuantity': 7550, 'totalSellQuantity': 5300, 'bidQty': 50, 'bidprice': 1028.45, 'askQty': 50, 'askPrice': 1034.05, 'underlyingValue': 19435.3}"
18550,28-Sep-2023,"{'strikePrice': 18550, 'expiryDate': '28-Sep-2023', 'underlying': 'NIFTY', 'identifier': 'OPTIDXNIFTY28-09-2023PE18550.00', 'openInterest': 1569, 'changeinOpenInterest': 659, 'pchangeinOpenInterest': 72.41758241758242, 'totalTradedVolume': 3383, 'impliedVolatility': 13.5, 'lastPrice': 21.7, 'change': -11.849999999999998, 'pChange': -35.3204172876304, 'totalBuyQuantity': 47000, 'totalSellQuantity': 4500, 'bidQty': 50, 'bidprice': 21.5, 'askQty': 50, 'askPrice': 21.9, 'underlyingValue': 19435.3}","{'strikePrice': 18550, 'expiryDate': '28-Sep-2023', 'underlying': 'NIFTY', 'identifier': 'OPTIDXNIFTY28-09-2023CE18550.00', 'openInterest': 23, 'changeinOpenInterest': 4, 'pchangeinOpenInterest': 21.05263157894737, 'totalTradedVolume': 6, 'impliedVolatility': 0, 'lastPrice': 975.45, 'change': 73.30000000000007, 'pChange': 8.12503463947238, 'totalBuyQuantity': 6200, 'totalSellQuantity': 5950, 'bidQty': 50, 'bidprice': 975.8, 'askQty': 650, 'askPrice': 995.15, 'underlyingValue': 19435.3}"
18600,28-Sep-2023,"{'strikePrice': 18600, 'expiryDate': '28-Sep-2023', 'underlying': 'NIFTY', 'identifier': 'OPTIDXNIFTY28-09-2023PE18600.00', 'openInterest': 22805, 'changeinOpenInterest': 4200, 'pchangeinOpenInterest': 22.574576726686374, 'totalTradedVolume': 24545, 'impliedVolatility': 13.22, 'lastPrice': 23.5, 'change': -13.799999999999997, 'pChange': -36.997319034852545, 'totalBuyQuantity': 46250, 'totalSellQuantity': 52500, 'bidQty': 150, 'bidprice': 23.55, 'askQty': 1000, 'askPrice': 24.05, 'underlyingValue': 19435.3}","{'strikePrice': 18600, 'expiryDate': '28-Sep-2023', 'underlying': 'NIFTY', 'identifier': 'OPTIDXNIFTY28-09-2023CE18600.00', 'openInterest': 369, 'changeinOpenInterest': 8, 'pchangeinOpenInterest': 2.21606648199446, 'totalTradedVolume': 37, 'impliedVolatility': 0, 'lastPrice': 935, 'change': 79.29999999999995, 'pChange': 9.267266565385059, 'totalBuyQuantity': 9200, 'totalSellQuantity': 6650, 'bidQty': 50, 'bidprice': 930.1, 'askQty': 150, 'askPrice': 937.3, 'underlyingValue': 19435.3}"
18650,28-Sep-2023,"{'strikePrice': 18650, 'expiryDate': '28-Sep-2023', 'underlying': 'NIFTY', 'identifier': 'OPTIDXNIFTY28-09-2023PE18650.00', 'openInterest': 1939, 'changeinOpenInterest': 668, 'pchangeinOpenInterest': 52.55704169944925, 'totalTradedVolume': 3767, 'impliedVolatility': 13.01, 'lastPrice': 26, 'change': -16.6, 'pChange': -38.967136150234744, 'totalBuyQuantity': 37750, 'totalSellQuantity': 8450, 'bidQty': 1300, 'bidprice': 25.9, 'askQty': 150, 'askPrice': 26.15, 'underlyingValue': 19435.3}","{'strikePrice': 18650, 'expiryDate': '28-Sep-2023', 'underlying': 'NIFTY', 'identifier': 'OPTIDXNIFTY28-09-2023CE18650.00', 'openInterest': 48, 'changeinOpenInterest': 4, 'pchangeinOpenInterest': 9.090909090909092, 'totalTradedVolume': 4, 'impliedVolatility': 0, 'lastPrice': 881.2, 'change': 89.75, 'pChange': 11.339945669341082, 'totalBuyQuantity': 5600, 'totalSellQuantity': 3250, 'bidQty': 400, 'bidprice': 875.6, 'askQty': 200, 'askPrice': 908.85, 'underlyingValue': 19435.3}"
18700,28-Sep-2023,"{'strikePrice': 18700, 'expiryDate': '28-Sep-2023', 'underlying': 'NIFTY', 'identifier': 'OPTIDXNIFTY28-09-2023PE18700.00', 'openInterest': 23975, 'changeinOpenInterest': 1144, 'pchangeinOpenInterest': 5.010731023608252, 'totalTradedVolume': 29915, 'impliedVolatility': 12.84, 'lastPrice': 28.95, 'change': -17.500000000000004, 'pChange': -37.674919268030145, 'totalBuyQuantity': 48050, 'totalSellQuantity': 23800, 'bidQty': 350, 'bidprice': 28.95, 'askQty': 150, 'askPrice': 29.05, 'underlyingValue': 19435.3}","{'strikePrice': 18700, 'expiryDate': '28-Sep-2023', 'underlying': 'NIFTY', 'identifier': 'OPTIDXNIFTY28-09-2023CE18700.00', 'openInterest': 508, 'changeinOpenInterest': 28, 'pchangeinOpenInterest': 5.833333333333333, 'totalTradedVolume': 154, 'impliedVolatility': 0, 'lastPrice': 849.05, 'change': 85.94999999999993, 'pChange': 11.263268247936042, 'totalBuyQuantity': 7850, 'totalSellQuantity': 7350, 'bidQty': 100, 'bidprice': 840.05, 'askQty': 50, 'askPrice': 848.9, 'underlyingValue': 19435.3}"
18750,28-Sep-2023,"{'strikePrice': 18750, 'expiryDate': '28-Sep-2023', 'underlying': 'NIFTY', 'identifier': 'OPTIDXNIFTY28-09-2023PE18750.00', 'openInterest': 5729, 'changeinOpenInterest': 3911, 'pchangeinOpenInterest': 215.12651265126513, 'totalTradedVolume': 10182, 'impliedVolatility': 12.66, 'lastPrice': 32.6, 'change': -19.1, 'pChange': -36.94390715667312, 'totalBuyQuantity': 34450, 'totalSellQuantity': 2800, 'bidQty': 50, 'bidprice': 32, 'askQty': 50, 'askPrice': 33.95, 'underlyingValue': 19435.3}","{'strikePrice': 18750, 'expiryDate': '28-Sep-2023', 'underlying': 'NIFTY', 'identifier': 'OPTIDXNIFTY28-09-2023CE18750.00', 'openInterest': 137, 'changeinOpenInterest': 3, 'pchangeinOpenInterest': 2.2388059701492535, 'totalTradedVolume': 11, 'impliedVolatility': 0, 'lastPrice': 793.05, 'change': 92.79999999999995, 'pChange': 13.2524098536237, 'totalBuyQuantity': 6850, 'totalSellQuantity': 8200, 'bidQty': 50, 'bidprice': 788.5, 'askQty': 50, 'askPrice': 804.25, 'underlyingValue': 19435.3}"
18800,28-Sep-2023,"{'strikePrice': 18800, 'expiryDate': '28-Sep-2023', 'underlying': 'NIFTY', 'identifier': 'OPTIDXNIFTY28-09-2023PE18800.00', 'openInterest': 33892, 'changeinOpenInterest': 2779, 'pchangeinOpenInterest': 8.931957702568058, 'totalTradedVolume': 43200, 'impliedVolatility': 12.58, 'lastPrice': 37.75, 'change': -20.6, 'pChange': -35.30419880034276, 'totalBuyQuantity': 48700, 'totalSellQuantity': 47700, 'bidQty': 2450, 'bidprice': 37.5, 'askQty': 50, 'askPrice': 37.65, 'underlyingValue': 19435.3}","{'strikePrice': 18800, 'expiryDate': '28-Sep-2023', 'underlying': 'NIFTY', 'identifier': 'OPTIDXNIFTY28-09-2023CE18800.00', 'openInterest': 1949, 'changeinOpenInterest': 38, 'pchangeinOpenInterest': 1.9884877027734171, 'totalTradedVolume': 750, 'impliedVolatility': 0, 'lastPrice': 751.15, 'change': 78.94999999999993, 'pChange': 11.745016364177317, 'totalBuyQuantity': 5100, 'totalSellQuantity': 4750, 'bidQty': 450, 'bidprice': 750, 'askQty': 50, 'askPrice': 756.95, 'underlyingValue': 19435.3}"
18850,28-Sep-2023,"{'strikePrice': 18850, 'expiryDate': '28-Sep-2023', 'underlying': 'NIFTY', 'identifier': 'OPTIDXNIFTY28-09-2023PE18850.00', 'openInterest': 2665, 'changeinOpenInterest': 615, 'pchangeinOpenInterest': 30, 'totalTradedVolume': 5683, 'impliedVolatility': 12.42, 'lastPrice': 42.1, 'change': -22.9, 'pChange': -35.230769230769226, 'totalBuyQuantity': 18950, 'totalSellQuantity': 600, 'bidQty': 50, 'bidprice': 41.05, 'askQty': 50, 'askPrice': 46.85, 'underlyingValue': 19435.3}","{'strikePrice': 18850, 'expiryDate': '28-Sep-2023', 'underlying': 'NIFTY', 'identifier': 'OPTIDXNIFTY28-09-2023CE18850.00', 'openInterest': 73, 'changeinOpenInterest': 11, 'pchangeinOpenInterest': 17.741935483870968, 'totalTradedVolume': 19, 'impliedVolatility': 0, 'lastPrice': 703.35, 'change': 62.700000000000045, 'pChange': 9.786935143994388, 'totalBuyQuantity': 6500, 'totalSellQuantity': 6250, 'bidQty': 200, 'bidprice': 701.5, 'askQty': 50, 'askPrice': 712, 'underlyingValue': 19435.3}"
18900,28-Sep-2023,"{'strikePrice': 18900, 'expiryDate': '28-Sep-2023', 'underlying': 'NIFTY', 'identifier': 'OPTIDXNIFTY28-09-2023PE18900.00', 'openInterest': 24212, 'changeinOpenInterest': 3596, 'pchangeinOpenInterest': 17.442762902599924, 'totalTradedVolume': 29042, 'impliedVolatility': 12.25, 'lastPrice': 47.15, 'change': -25.800000000000004, 'pChange': -35.36668951336532, 'totalBuyQuantity': 25900, 'totalSellQuantity': 11050, 'bidQty': 200, 'bidprice': 46.95, 'askQty': 50, 'askPrice': 47.45, 'underlyingValue': 19435.3}","{'strikePrice': 18900, 'expiryDate': '28-Sep-2023', 'underlying': 'NIFTY', 'identifier': 'OPTIDXNIFTY28-09-2023CE18900.00', 'openInterest': 2718, 'changeinOpenInterest': -34, 'pchangeinOpenInterest': -1.2354651162790697, 'totalTradedVolume': 802, 'impliedVolatility': 0, 'lastPrice': 661.85, 'change': 72, 'pChange': 12.206493176231245, 'totalBuyQuantity': 5400, 'totalSellQuantity': 4650, 'bidQty': 50, 'bidprice': 657.45, 'askQty': 100, 'askPrice': 662, 'underlyingValue': 19435.3}"
18950,28-Sep-2023,"{'strikePrice': 18950, 'expiryDate': '28-Sep-2023', 'underlying': 'NIFTY', 'identifier': 'OPTIDXNIFTY28-09-2023PE18950.00', 'openInterest': 3745, 'changeinOpenInterest': 1093, 'pchangeinOpenInterest': 41.21417797888386, 'totalTradedVolume': 5263, 'impliedVolatility': 12.12, 'lastPrice': 53.3, 'change': -29.5, 'pChange': -35.6280193236715, 'totalBuyQuantity': 8050, 'totalSellQuantity': 1500, 'bidQty': 50, 'bidprice': 51.45, 'askQty': 200, 'askPrice': 54, 'underlyingValue': 19435.3}","{'strikePrice': 18950, 'expiryDate': '28-Sep-2023', 'underlying': 'NIFTY', 'identifier': 'OPTIDXNIFTY28-09-2023CE18950.00', 'openInterest': 151, 'changeinOpenInterest': 92, 'pchangeinOpenInterest': 155.9322033898305, 'totalTradedVolume': 177, 'impliedVolatility': 0, 'lastPrice': 609.1, 'change': 53.55000000000007, 'pChange': 9.639096390963923, 'totalBuyQuantity': 6600, 'totalSellQuantity': 6000, 'bidQty': 600, 'bidprice': 606.55, 'askQty': 1450, 'askPrice': 656.6, 'underlyingValue': 19435.3}"
19000,28-Sep-2023,"{'strikePrice': 19000, 'expiryDate': '28-Sep-2023', 'underlying': 'NIFTY', 'identifier': 'OPTIDXNIFTY28-09-2023PE19000.00', 'openInterest': 130865, 'changeinOpenInterest': 2517, 'pchangeinOpenInterest': 1.961074578489731, 'totalTradedVolume': 83513, 'impliedVolatility': 12.12, 'lastPrice': 62, 'change': -32.400000000000006, 'pChange': -34.32203389830509, 'totalBuyQuantity': 48000, 'totalSellQuantity': 60650, 'bidQty': 950, 'bidprice': 62, 'askQty': 200, 'askPrice': 63.4, 'underlyingValue': 19435.3}","{'strikePrice': 19000, 'expiryDate': '28-Sep-2023', 'underlying': 'NIFTY', 'identifier': 'OPTIDXNIFTY28-09-2023CE19000.00', 'openInterest': 32044, 'changeinOpenInterest': -816, 'pchangeinOpenInterest': -2.483262325015216, 'totalTradedVolume': 8966, 'impliedVolatility': 6.7, 'lastPrice': 582.55, 'change': 71.44999999999993, 'pChange': 13.979651731559366, 'totalBuyQuantity': 17900, 'totalSellQuantity': 10400, 'bidQty': 200, 'bidprice': 576.1, 'askQty': 50, 'askPrice': 582.6, 'underlyingValue': 19435.3}"
19050,28-Sep-2023,"{'strikePrice': 19050, 'expiryDate': '28-Sep-2023', 'underlying': 'NIFTY', 'identifier': 'OPTIDXNIFTY28-09-2023PE19050.00', 'openInterest': 3108, 'changeinOpenInterest': 1094, 'pchangeinOpenInterest': 54.319761668321746, 'totalTradedVolume': 5383, 'impliedVolatility': 11.92, 'lastPrice': 68.85, 'change': -33.75, 'pChange': -32.89473684210527, 'totalBuyQuantity': 7900, 'totalSellQuantity': 2400, 'bidQty': 50, 'bidprice': 67.65, 'askQty': 50, 'askPrice': 73.9, 'underlyingValue': 19435.3}","{'strikePrice': 19050, 'expiryDate': '28-Sep-2023', 'underlying': 'NIFTY', 'identifier': 'OPTIDXNIFTY28-09-2023CE19050.00', 'openInterest': 196, 'changeinOpenInterest': 59, 'pchangeinOpenInterest': 43.065693430656935, 'totalTradedVolume': 185, 'impliedVolatility': 6.45, 'lastPrice': 534.25, 'change': 68, 'pChange': 14.584450402144771, 'totalBuyQuantity': 7250, 'totalSellQuantity': 6000, 'bidQty': 200, 'bidprice': 526.3, 'askQty': 50, 'askPrice': 549.7, 'underlyingValue': 19435.3}"
19100,28-Sep-2023,"{'strikePrice': 19100, 'expiryDate': '28-Sep-2023', 'underlying': 'NIFTY', 'identifier': 'OPTIDXNIFTY28-09-2023PE19100.00', 'openInterest': 21001, 'changeinOpenInterest': 3697, 'pchangeinOpenInterest': 21.365002311604254, 'totalTradedVolume': 27167, 'impliedVolatility': 11.79, 'lastPrice': 77.45, 'change': -37.05, 'pChange': -32.35807860262008, 'totalBuyQuantity': 13900, 'totalSellQuantity': 13350, 'bidQty': 150, 'bidprice': 76.05, 'askQty': 50, 'askPrice': 77.5, 'underlyingValue': 19435.3}","{'strikePrice': 19100, 'expiryDate': '28-Sep-2023', 'underlying': 'NIFTY', 'identifier': 'OPTIDXNIFTY28-09-2023CE19100.00', 'openInterest': 2806, 'changeinOpenInterest': -199, 'pchangeinOpenInterest': -6.6222961730449255, 'totalTradedVolume': 2270, 'impliedVolatility': 7.45, 'lastPrice': 496.85, 'change': 64.80000000000001, 'pChange': 14.998264089804422, 'totalBuyQuantity': 10600, 'totalSellQuantity': 5650, 'bidQty': 200, 'bidprice': 483.85, 'askQty': 50, 'askPrice': 496.95, 'underlyingValue': 19435.3}"
19150,28-Sep-2023,"{'strikePrice': 19150, 'expiryDate': '28-Sep-2023', 'underlying': 'NIFTY', 'identifier': 'OPTIDXNIFTY28-09-2023PE19150.00', 'openInterest': 2440, 'changeinOpenInterest': 966, 'pchangeinOpenInterest': 65.5359565807327, 'totalTradedVolume': 4479, 'impliedVolatility': 11.52, 'lastPrice': 84.8, 'change': -42.85000000000001, 'pChange': -33.56835095965531, 'totalBuyQuantity': 8900, 'totalSellQuantity': 6350, 'bidQty': 50, 'bidprice': 84.7, 'askQty': 50, 'askPrice': 89.95, 'underlyingValue': 19435.3}","{'strikePrice': 19150, 'expiryDate': '28-Sep-2023', 'underlying': 'NIFTY', 'identifier': 'OPTIDXNIFTY28-09-2023CE19150.00', 'openInterest': 469, 'changeinOpenInterest': 81, 'pchangeinOpenInterest': 20.876288659793815, 'totalTradedVolume': 599, 'impliedVolatility': 7.48, 'lastPrice': 453.8, 'change': 58.150000000000034, 'pChange': 14.697333501832437, 'totalBuyQuantity': 6700, 'totalSellQuantity': 6000, 'bidQty': 200, 'bidprice': 445.5, 'askQty': 50, 'askPrice': 469.6, 'underlyingValue': 19435.3}"
19200,28-Sep-2023,"{'strikePrice': 19200, 'expiryDate': '28-Sep-2023', 'underlying': 'NIFTY', 'identifier': 'OPTIDXNIFTY28-09-2023PE19200.00', 'openInterest': 31433, 'changeinOpenInterest': 1647, 'pchangeinOpenInterest': 5.529443362653596, 'totalTradedVolume': 56618, 'impliedVolatility': 11.43, 'lastPrice': 96.15, 'change': -45.650000000000006, 'pChange': -32.19322990126939, 'totalBuyQuantity': 27400, 'totalSellQuantity': 57350, 'bidQty': 100, 'bidprice': 96.25, 'askQty': 50, 'askPrice': 96.75, 'underlyingValue': 19435.3}","{'strikePrice': 19200, 'expiryDate': '28-Sep-2023', 'underlying': 'NIFTY', 'identifier': 'OPTIDXNIFTY28-09-2023CE19200.00', 'openInterest': 6245, 'changeinOpenInterest': -1133, 'pchangeinOpenInterest': -15.356465166711846, 'totalTradedVolume': 15191, 'impliedVolatility': 7.7, 'lastPrice': 414.8, 'change': 53.30000000000001, 'pChange': 14.744121715076075, 'totalBuyQuantity': 21550, 'totalSellQuantity': 8550, 'bidQty': 50, 'bidprice': 413.05, 'askQty': 1150, 'askPrice': 415, 'underlyingValue': 19435.3}"
19250,28-Sep-2023,"{'strikePrice': 19250, 'expiryDate': '28-Sep-2023', 'underlying': 'NIFTY', 'identifier': 'OPTIDXNIFTY28-09-2023PE19250.00', 'openInterest': 4381, 'changeinOpenInterest': -972, 'pchangeinOpenInterest': -18.158042219316272, 'totalTradedVolume': 11563, 'impliedVolatility': 11.31, 'lastPrice': 108.05, 'change': -49.89999999999999, 'pChange': -31.592276036720477, 'totalBuyQuantity': 8850, 'totalSellQuantity': 10950, 'bidQty': 50, 'bidprice': 108.4, 'askQty': 200, 'askPrice': 108.85, 'underlyingValue': 19435.3}","{'strikePrice': 19250, 'expiryDate': '28-Sep-2023', 'underlying': 'NIFTY', 'identifier': 'OPTIDXNIFTY28-09-2023CE19250.00', 'openInterest': 2738, 'changeinOpenInterest': -865, 'pchangeinOpenInterest': -24.007771301693033, 'totalTradedVolume': 6594, 'impliedVolatility': 7.9, 'lastPrice': 377.75, 'change': 52.35000000000002, 'pChange': 16.087891825445613, 'totalBuyQuantity': 17850, 'totalSellQuantity': 5050, 'bidQty': 50, 'bidprice': 377, 'askQty': 200, 'askPrice': 378, 'underlyingValue': 19435.3}"
19300,28-Sep-2023,"{'strikePrice': 19300, 'expiryDate': '28-Sep-2023', 'underlying': 'NIFTY', 'identifier': 'OPTIDXNIFTY28-09-2023PE19300.00', 'openInterest': 37893, 'changeinOpenInterest': 961, 'pchangeinOpenInterest': 2.6020794974547816, 'totalTradedVolume': 66908, 'impliedVolatility': 11.31, 'lastPrice': 123.4, 'change': -50.400000000000006, 'pChange': -28.99884925201381, 'totalBuyQuantity': 29350, 'totalSellQuantity': 62150, 'bidQty': 700, 'bidprice': 123.4, 'askQty': 100, 'askPrice': 123.75, 'underlyingValue': 19435.3}","{'strikePrice': 19300, 'expiryDate': '28-Sep-2023', 'underlying': 'NIFTY', 'identifier': 'OPTIDXNIFTY28-09-2023CE19300.00', 'openInterest': 24175, 'changeinOpenInterest': -3162, 'pchangeinOpenInterest': -11.566741046932728, 'totalTradedVolume': 51018, 'impliedVolatility': 8.14, 'lastPrice': 344, 'change': 46.89999999999998, 'pChange': 15.785930663076398, 'totalBuyQuantity': 30800, 'totalSellQuantity': 9200, 'bidQty': 50, 'bidprice': 341.6, 'askQty': 50, 'askPrice': 343.9, 'underlyingValue': 19435.3}"
19350,28-Sep-2023,"{'strikePrice': 19350, 'expiryDate': '28-Sep-2023', 'underlying': 'NIFTY', 'identifier': 'OPTIDXNIFTY28-09-2023PE19350.00', 'openInterest': 3923, 'changeinOpenInterest': 1116, 'pchangeinOpenInterest': 39.75774848592804, 'totalTradedVolume': 14413, 'impliedVolatility': 11.2, 'lastPrice': 138.2, 'change': -55.150000000000006, 'pChange': -28.523403154900446, 'totalBuyQuantity': 8650, 'totalSellQuantity': 15250, 'bidQty': 500, 'bidprice': 138.2, 'askQty': 50, 'askPrice': 138.5, 'underlyingValue': 19435.3}","{'strikePrice': 19350, 'expiryDate': '28-Sep-2023', 'underlying': 'NIFTY', 'identifier': 'OPTIDXNIFTY28-09-2023CE19350.00', 'openInterest': 2654, 'changeinOpenInterest': 250, 'pchangeinOpenInterest': 10.399334442595674, 'totalTradedVolume': 7915, 'impliedVolatility': 8.48, 'lastPrice': 314.5, 'change': 50.60000000000002, 'pChange': 19.173929518757117, 'totalBuyQuantity': 21200, 'totalSellQuantity': 5450, 'bidQty': 200, 'bidprice': 305.55, 'askQty': 50, 'askPrice': 309.85, 'underlyingValue': 19435.3}"
19400,28-Sep-2023,"{'strikePrice': 19400, 'expiryDate': '28-Sep-2023', 'underlying': 'NIFTY', 'identifier': 'OPTIDXNIFTY28-09-2023PE19400.00', 'openInterest': 41960, 'changeinOpenInterest': 2057, 'pchangeinOpenInterest': 5.1550008771270335, 'totalTradedVolume': 82967, 'impliedVolatility': 11.11, 'lastPrice': 152, 'change': -60.05000000000001, 'pChange': -28.3187927375619, 'totalBuyQuantity': 17950, 'totalSellQuantity': 56100, 'bidQty': 50, 'bidprice': 153.2, 'askQty': 50, 'askPrice': 154.95, 'underlyingValue': 19435.3}","{'strikePrice': 19400, 'expiryDate': '28-Sep-2023', 'underlying': 'NIFTY', 'identifier': 'OPTIDXNIFTY28-09-2023CE19400.00', 'openInterest': 30414, 'changeinOpenInterest': -890, 'pchangeinOpenInterest': -2.843087145412727, 'totalTradedVolume': 74534, 'impliedVolatility': 8.06, 'lastPrice': 273.05, 'change': 38.400000000000006, 'pChange': 16.364798636266784, 'totalBuyQuantity': 32850, 'totalSellQuantity': 17150, 'bidQty': 550, 'bidprice': 273, 'askQty': 50, 'askPrice': 274, 'underlyingValue': 19435.3}"
19450,28-Sep-2023,"{'strikePrice': 19450, 'expiryDate': '28-Sep-2023', 'underlying': 'NIFTY', 'identifier': 'OPTIDXNIFTY28-09-2023PE19450.00', 'openInterest': 2542, 'changeinOpenInterest': 436, 'pchangeinOpenInterest': 20.70275403608737, 'totalTradedVolume': 6717, 'impliedVolatility': 10.98, 'lastPrice': 172.05, 'change': -64.94999999999999, 'pChange': -27.405063291139236, 'totalBuyQuantity': 8200, 'totalSellQuantity': 5850, 'bidQty': 50, 'bidprice': 172.05, 'askQty': 50, 'askPrice': 174.95, 'underlyingValue': 19435.3}","{'strikePrice': 19450, 'expiryDate': '28-Sep-2023', 'underlying': 'NIFTY', 'identifier': 'OPTIDXNIFTY28-09-2023CE19450.00', 'openInterest': 2435, 'changeinOpenInterest': 488, 'pchangeinOpenInterest': 25.064201335387775, 'totalTradedVolume': 5824, 'impliedVolatility': 8.18, 'lastPrice': 243.9, 'change': 37.599999999999994, 'pChange': 18.225884634028112, 'totalBuyQuantity': 20000, 'totalSellQuantity': 4700, 'bidQty': 50, 'bidprice': 241.85, 'askQty': 50, 'askPrice': 244.95, 'underlyingValue': 19435.3}"
19500,28-Sep-2023,"{'strikePrice': 19500, 'expiryDate': '28-Sep-2023', 'underlying': 'NIFTY', 'identifier': 'OPTIDXNIFTY28-09-2023PE19500.00', 'openInterest': 61527, 'changeinOpenInterest': 8123, 'pchangeinOpenInterest': 15.210471125758371, 'totalTradedVolume': 76336, 'impliedVolatility': 11.02, 'lastPrice': 194.45, 'change': -69.65000000000003, 'pChange': -26.372586141613034, 'totalBuyQuantity': 353200, 'totalSellQuantity': 53600, 'bidQty': 50, 'bidprice': 194.05, 'askQty': 1000, 'askPrice': 197, 'underlyingValue': 19435.3}","{'strikePrice': 19500, 'expiryDate': '28-Sep-2023', 'underlying': 'NIFTY', 'identifier': 'OPTIDXNIFTY28-09-2023CE19500.00', 'openInterest': 40756, 'changeinOpenInterest': 1787, 'pchangeinOpenInterest': 4.585696322718058, 'totalTradedVolume': 67469, 'impliedVolatility': 8.18, 'lastPrice': 214.5, 'change': 31.19999999999999, 'pChange': 17.021276595744673, 'totalBuyQuantity': 45900, 'totalSellQuantity': 58100, 'bidQty': 50, 'bidprice': 213.15, 'askQty': 2300, 'askPrice': 214.9, 'underlyingValue': 19435.3}"
19550,28-Sep-2023,"{'strikePrice': 19550, 'expiryDate': '28-Sep-2023', 'underlying': 'NIFTY', 'identifier': 'OPTIDXNIFTY28-09-2023PE19550.00', 'openInterest': 1122, 'changeinOpenInterest': 64, 'pchangeinOpenInterest': 6.049149338374291, 'totalTradedVolume': 2002, 'impliedVolatility': 11.01, 'lastPrice': 218.05, 'change': -68.5, 'pChange': -23.90507764787995, 'totalBuyQuantity': 15950, 'totalSellQuantity': 9450, 'bidQty': 50, 'bidprice': 216.85, 'askQty': 1600, 'askPrice': 217.8, 'underlyingValue': 19435.3}","{'strikePrice': 19550, 'expiryDate': '28-Sep-2023', 'underlying': 'NIFTY', 'identifier': 'OPTIDXNIFTY28-09-2023CE19550.00', 'openInterest': 3201, 'changeinOpenInterest': 486, 'pchangeinOpenInterest': 17.900552486187845, 'totalTradedVolume': 4964, 'impliedVolatility': 8.22, 'lastPrice': 188.35, 'change': 32.650000000000006, 'pChange': 20.96981374438022, 'totalBuyQuantity': 16700, 'totalSellQuantity': 5500, 'bidQty': 50, 'bidprice': 184.75, 'askQty': 300, 'askPrice': 188.6, 'underlyingValue': 19435.3}"
19600,28-Sep-2023,"{'strikePrice': 19600, 'expiryDate': '28-Sep-2023', 'underlying': 'NIFTY', 'identifier': 'OPTIDXNIFTY28-09-2023PE19600.00', 'openInterest': 17436, 'changeinOpenInterest': 3040, 'pchangeinOpenInterest': 21.116976938038345, 'totalTradedVolume': 16208, 'impliedVolatility': 10.93, 'lastPrice': 240.95, 'change': -72.69999999999999, 'pChange': -23.178702375259043, 'totalBuyQuantity': 15200, 'totalSellQuantity': 19750, 'bidQty': 50, 'bidprice': 241.2, 'askQty': 150, 'askPrice': 242.2, 'underlyingValue': 19435.3}","{'strikePrice': 19600, 'expiryDate': '28-Sep-2023', 'underlying': 'NIFTY', 'identifier': 'OPTIDXNIFTY28-09-2023CE19600.00', 'openInterest': 22528, 'changeinOpenInterest': 3292, 'pchangeinOpenInterest': 17.113745061343316, 'totalTradedVolume': 37140, 'impliedVolatility': 8.11, 'lastPrice': 161.3, 'change': 25.75, 'pChange': 18.996680191811137, 'totalBuyQuantity': 29400, 'totalSellQuantity': 17450, 'bidQty': 50, 'bidprice': 160.9, 'askQty': 200, 'askPrice': 161.3, 'underlyingValue': 19435.3}"
19650,28-Sep-2023,"{'strikePrice': 19650, 'expiryDate': '28-Sep-2023', 'underlying': 'NIFTY', 'identifier': 'OPTIDXNIFTY28-09-2023PE19650.00', 'openInterest': 565, 'changeinOpenInterest': 6, 'pchangeinOpenInterest': 1.073345259391771, 'totalTradedVolume': 882, 'impliedVolatility': 10.99, 'lastPrice': 267.95, 'change': -74.85000000000002, 'pChange': -21.834889148191372, 'totalBuyQuantity': 14400, 'totalSellQuantity': 8550, 'bidQty': 1300, 'bidprice': 266.8, 'askQty': 1300, 'askPrice': 268.1, 'underlyingValue': 19435.3}","{'strikePrice': 19650, 'expiryDate': '28-Sep-2023', 'underlying': 'NIFTY', 'identifier': 'OPTIDXNIFTY28-09-2023CE19650.00', 'openInterest': 2891, 'changeinOpenInterest': 1045, 'pchangeinOpenInterest': 56.608884073672805, 'totalTradedVolume': 6051, 'impliedVolatility': 8.05, 'lastPrice': 138.3, 'change': 23.950000000000017, 'pChange': 20.94446873633583, 'totalBuyQuantity': 32950, 'totalSellQuantity': 10950, 'bidQty': 100, 'bidprice': 136.3, 'askQty': 50, 'askPrice': 137.3, 'underlyingValue': 19435.3}"
19700,28-Sep-2023,"{'strikePrice': 19700, 'expiryDate': '28-Sep-2023', 'underlying': 'NIFTY', 'identifier': 'OPTIDXNIFTY28-09-2023PE19700.00', 'openInterest': 13161, 'changeinOpenInterest': 508, 'pchangeinOpenInterest': 4.0148581364103375, 'totalTradedVolume': 5379, 'impliedVolatility': 10.94, 'lastPrice': 295.45, 'change': -78.30000000000001, 'pChange': -20.949832775919734, 'totalBuyQuantity': 58300, 'totalSellQuantity': 11400, 'bidQty': 50, 'bidprice': 295.45, 'askQty': 350, 'askPrice': 296, 'underlyingValue': 19435.3}","{'strikePrice': 19700, 'expiryDate': '28-Sep-2023', 'underlying': 'NIFTY', 'identifier': 'OPTIDXNIFTY28-09-2023CE19700.00', 'openInterest': 20388, 'changeinOpenInterest': -1949, 'pchangeinOpenInterest': -8.72543313784304, 'totalTradedVolume': 39365, 'impliedVolatility': 8.02, 'lastPrice': 116.5, 'change': 19.099999999999994, 'pChange': 19.60985626283367, 'totalBuyQuantity': 62850, 'totalSellQuantity': 15450, 'bidQty': 8700, 'bidprice': 116.5, 'askQty': 50, 'askPrice': 116.85, 'underlyingValue': 19435.3}"
19750,28-Sep-2023,"{'strikePrice': 19750, 'expiryDate': '28-Sep-2023', 'underlying': 'NIFTY', 'identifier': 'OPTIDXNIFTY28-09-2023PE19750.00', 'openInterest': 407, 'changeinOpenInterest': 54, 'pchangeinOpenInterest': 15.297450424929178, 'totalTradedVolume': 433, 'impliedVolatility': 10.89, 'lastPrice': 324.95, 'change': -82.90000000000003, 'pChange': -20.326100281966415, 'totalBuyQuantity': 9500, 'totalSellQuantity': 3850, 'bidQty': 50, 'bidprice': 322.15, 'askQty': 50, 'askPrice': 327.45, 'underlyingValue': 19435.3}","{'strikePrice': 19750, 'expiryDate': '28-Sep-2023', 'underlying': 'NIFTY', 'identifier': 'OPTIDXNIFTY28-09-2023CE19750.00', 'openInterest': 4698, 'changeinOpenInterest': 2316, 'pchangeinOpenInterest': 97.22921914357683, 'totalTradedVolume': 8969, 'impliedVolatility': 7.85, 'lastPrice': 95.75, 'change': 16.650000000000006, 'pChange': 21.04930467762327, 'totalBuyQuantity': 46850, 'totalSellQuantity': 15450, 'bidQty': 50, 'bidprice': 95.05, 'askQty': 1800, 'askPrice': 95.9, 'underlyingValue': 19435.3}"
19800,28-Sep-2023,"{'strikePrice': 19800, 'expiryDate': '28-Sep-2023', 'underlying': 'NIFTY', 'identifier': 'OPTIDXNIFTY28-09-2023PE19800.00', 'openInterest': 6669, 'changeinOpenInterest': 152, 'pchangeinOpenInterest': 2.3323615160349855, 'totalTradedVolume': 3569, 'impliedVolatility': 10.96, 'lastPrice': 358, 'change': -83.75, 'pChange': -18.9586870401811, 'totalBuyQuantity': 13800, 'totalSellQuantity': 9750, 'bidQty': 50, 'bidprice': 356.05, 'askQty': 150, 'askPrice': 358, 'underlyingValue': 19435.3}","{'strikePrice': 19800, 'expiryDate': '28-Sep-2023', 'underlying': 'NIFTY', 'identifier': 'OPTIDXNIFTY28-09-2023CE19800.00', 'openInterest': 35005, 'changeinOpenInterest': 5865, 'pchangeinOpenInterest': 20.12697323266987, 'totalTradedVolume': 53090, 'impliedVolatility': 7.79, 'lastPrice': 78.4, 'change': 11.950000000000003, 'pChange': 17.983446200150492, 'totalBuyQuantity': 58950, 'totalSellQuantity': 10850, 'bidQty': 550, 'bidprice': 78.4, 'askQty': 200, 'askPrice': 80.3, 'underlyingValue': 19435.3}"
19850,28-Sep-2023,"{'strikePrice': 19850, 'expiryDate': '28-Sep-2023', 'underlying': 'NIFTY', 'identifier': 'OPTIDXNIFTY28-09-2023PE19850.00', 'openInterest': 264, 'changeinOpenInterest': 39, 'pchangeinOpenInterest': 17.333333333333332, 'totalTradedVolume': 468, 'impliedVolatility': 11.06, 'lastPrice': 393.1, 'change': -85.69999999999999, 'pChange': -17.898913951545527, 'totalBuyQuantity': 10200, 'totalSellQuantity': 5450, 'bidQty': 50, 'bidprice': 384.3, 'askQty': 200, 'askPrice': 396.8, 'underlyingValue': 19435.3}","{'strikePrice': 19850, 'expiryDate': '28-Sep-2023', 'underlying': 'NIFTY', 'identifier': 'OPTIDXNIFTY28-09-2023CE19850.00', 'openInterest': 8046, 'changeinOpenInterest': 5814, 'pchangeinOpenInterest': 260.48387096774195, 'totalTradedVolume': 15341, 'impliedVolatility': 7.81, 'lastPrice': 65, 'change': 10.450000000000003, 'pChange': 19.156736938588455, 'totalBuyQuantity': 53300, 'totalSellQuantity': 1750, 'bidQty': 50, 'bidprice': 60.15, 'askQty': 50, 'askPrice': 64.7, 'underlyingValue': 19435.3}"
19900,28-Sep-2023,"{'strikePrice': 19900, 'expiryDate': '28-Sep-2023', 'underlying': 'NIFTY', 'identifier': 'OPTIDXNIFTY28-09-2023PE19900.00', 'openInterest': 2744, 'changeinOpenInterest': 558, 'pchangeinOpenInterest': 25.526075022872828, 'totalTradedVolume': 1529, 'impliedVolatility': 11.09, 'lastPrice': 428.1, 'change': -93.39999999999998, 'pChange': -17.909875359539782, 'totalBuyQuantity': 8650, 'totalSellQuantity': 8150, 'bidQty': 50, 'bidprice': 427.25, 'askQty': 50, 'askPrice': 431.95, 'underlyingValue': 19435.3}","{'strikePrice': 19900, 'expiryDate': '28-Sep-2023', 'underlying': 'NIFTY', 'identifier': 'OPTIDXNIFTY28-09-2023CE19900.00', 'openInterest': 26934, 'changeinOpenInterest': 4264, 'pchangeinOpenInterest': 18.808998676665198, 'totalTradedVolume': 33678, 'impliedVolatility': 7.8, 'lastPrice': 52.55, 'change': 7.349999999999994, 'pChange': 16.26106194690264, 'totalBuyQuantity': 64150, 'totalSellQuantity': 71150, 'bidQty': 200, 'bidprice': 52.45, 'askQty': 50, 'askPrice': 53.15, 'underlyingValue': 19435.3}"
19950,28-Sep-2023,"{'strikePrice': 19950, 'expiryDate': '28-Sep-2023', 'underlying': 'NIFTY', 'identifier': 'OPTIDXNIFTY28-09-2023PE19950.00', 'openInterest': 168, 'changeinOpenInterest': 1, 'pchangeinOpenInterest': 0.5988023952095808, 'totalTradedVolume': 25, 'impliedVolatility': 12.11, 'lastPrice': 482.2, 'change': -77.94999999999999, 'pChange': -13.915915379808979, 'totalBuyQuantity': 6200, 'totalSellQuantity': 5900, 'bidQty': 50, 'bidprice': 463.7, 'askQty': 200, 'askPrice': 479.05, 'underlyingValue': 19435.3}","{'strikePrice': 19950, 'expiryDate': '28-Sep-2023', 'underlying': 'NIFTY', 'identifier': 'OPTIDXNIFTY28-09-2023CE19950.00', 'openInterest': 5979, 'changeinOpenInterest': 2276, 'pchangeinOpenInterest': 61.46367809883878, 'totalTradedVolume': 11317, 'impliedVolatility': 7.95, 'lastPrice': 45.1, 'change': 7.300000000000004, 'pChange': 19.312169312169324, 'totalBuyQuantity': 52150, 'totalSellQuantity': 11350, 'bidQty': 50, 'bidprice': 43.15, 'askQty': 300, 'askPrice': 45.2, 'underlyingValue': 19435.3}"
20000,28-Sep-2023,"{'strikePrice': 20000, 'expiryDate': '28-Sep-2023', 'underlying': 'NIFTY', 'identifier': 'OPTIDXNIFTY28-09-2023PE20000.00', 'openInterest': 21018, 'changeinOpenInterest': 409, 'pchangeinOpenInterest': 1.9845698481246057, 'totalTradedVolume': 6742, 'impliedVolatility': 11.8, 'lastPrice': 513.25, 'change': -92.14999999999998, 'pChange': -15.22134126197555, 'totalBuyQuantity': 7300, 'totalSellQuantity': 16150, 'bidQty': 50, 'bidprice': 512, 'askQty': 100, 'askPrice': 513.25, 'underlyingValue': 19435.3}","{'strikePrice': 20000, 'expiryDate': '28-Sep-2023', 'underlying': 'NIFTY', 'identifier': 'OPTIDXNIFTY28-09-2023CE20000.00', 'openInterest': 56687, 'changeinOpenInterest': 6124, 'pchangeinOpenInterest': 12.111623123627949, 'totalTradedVolume': 67239, 'impliedVolatility': 7.83, 'lastPrice': 35, 'change': 3.1499999999999986, 'pChange': 9.890109890109885, 'totalBuyQuantity': 79300, 'totalSellQuantity': 159800, 'bidQty': 400, 'bidprice': 34.8, 'askQty': 50, 'askPrice': 35.7, 'underlyingValue': 19435.3}"
20050,28-Sep-2023,"{'strikePrice': 20050, 'expiryDate': '28-Sep-2023', 'underlying': 'NIFTY', 'identifier': 'OPTIDXNIFTY28-09-2023PE20050.00', 'openInterest': 70, 'changeinOpenInterest': 0, 'pchangeinOpenInterest': 0, 'totalTradedVolume': 0, 'impliedVolatility': 0, 'lastPrice': 663.6, 'change': 0, 'pChange': 0, 'totalBuyQuantity': 5700, 'totalSellQuantity': 6100, 'bidQty': 950, 'bidprice': 539.7, 'askQty': 100, 'askPrice': 557.4, 'underlyingValue': 19435.3}","{'strikePrice': 20050, 'expiryDate': '28-Sep-2023', 'underlying': 'NIFTY', 'identifier': 'OPTIDXNIFTY28-09-2023CE20050.00', 'openInterest': 3006, 'changeinOpenInterest': 1156, 'pchangeinOpenInterest': 62.486486486486484, 'totalTradedVolume': 8571, 'impliedVolatility': 7.8, 'lastPrice': 27.8, 'change': 2.650000000000002, 'pChange': 10.536779324055676, 'totalBuyQuantity': 58400, 'totalSellQuantity': 4500, 'bidQty': 50, 'bidprice': 27.3, 'askQty': 100, 'askPrice': 27.7, 'underlyingValue': 19435.3}"
20100,28-Sep-2023,"{'strikePrice': 20100, 'expiryDate': '28-Sep-2023', 'underlying': 'NIFTY', 'identifier': 'OPTIDXNIFTY28-09-2023PE20100.00', 'openInterest': 586, 'changeinOpenInterest': 31, 'pchangeinOpenInterest': 5.585585585585585, 'totalTradedVolume': 409, 'impliedVolatility': 12.15, 'lastPrice': 595.65, 'change': -95.89999999999998, 'pChange': -13.867399320367287, 'totalBuyQuantity': 6650, 'totalSellQuantity': 8400, 'bidQty': 200, 'bidprice': 592.95, 'askQty': 50, 'askPrice': 601.85, 'underlyingValue': 19435.3}","{'strikePrice': 20100, 'expiryDate': '28-Sep-2023', 'underlying': 'NIFTY', 'identifier': 'OPTIDXNIFTY28-09-2023CE20100.00', 'openInterest': 16111, 'changeinOpenInterest': 3385, 'pchangeinOpenInterest': 26.5990884802766, 'totalTradedVolume': 27211, 'impliedVolatility': 7.82, 'lastPrice': 21.4, 'change': 0.5, 'pChange': 2.3923444976076556, 'totalBuyQuantity': 68500, 'totalSellQuantity': 6700, 'bidQty': 50, 'bidprice': 21.75, 'askQty': 300, 'askPrice': 21.95, 'underlyingValue': 19435.3}"
20150,28-Sep-2023,"{'strikePrice': 20150, 'expiryDate': '28-Sep-2023', 'underlying': 'NIFTY', 'identifier': 'OPTIDXNIFTY28-09-2023PE20150.00', 'openInterest': 1614, 'changeinOpenInterest': 0, 'pchangeinOpenInterest': 0, 'totalTradedVolume': 0, 'impliedVolatility': 0, 'lastPrice': 727.25, 'change': 0, 'pChange': 0, 'totalBuyQuantity': 5250, 'totalSellQuantity': 5450, 'bidQty': 50, 'bidprice': 626.15, 'askQty': 50, 'askPrice': 651.65, 'underlyingValue': 19435.3}","{'strikePrice': 20150, 'expiryDate': '28-Sep-2023', 'underlying': 'NIFTY', 'identifier': 'OPTIDXNIFTY28-09-2023CE20150.00', 'openInterest': 2021, 'changeinOpenInterest': 490, 'pchangeinOpenInterest': 32.00522534291313, 'totalTradedVolume': 3568, 'impliedVolatility': 7.81, 'lastPrice': 17.05, 'change': -0.05000000000000071, 'pChange': -0.2923976608187176, 'totalBuyQuantity': 51150, 'totalSellQuantity': 7500, 'bidQty': 50, 'bidprice': 16.9, 'askQty': 1300, 'askPrice': 18.85, 'underlyingValue': 19435.3}"
20200,28-Sep-2023,"{'strikePrice': 20200, 'expiryDate': '28-Sep-2023', 'underlying': 'NIFTY', 'identifier': 'OPTIDXNIFTY28-09-2023PE20200.00', 'openInterest': 462, 'changeinOpenInterest': 4, 'pchangeinOpenInterest': 0.8733624454148472, 'totalTradedVolume': 199, 'impliedVolatility': 13.12, 'lastPrice': 690, 'change': -92.04999999999995, 'pChange': -11.770347164503542, 'totalBuyQuantity': 6100, 'totalSellQuantity': 7700, 'bidQty': 250, 'bidprice': 686.95, 'askQty': 100, 'askPrice': 694.75, 'underlyingValue': 19435.3}","{'strikePrice': 20200, 'expiryDate': '28-Sep-2023', 'underlying': 'NIFTY', 'identifier': 'OPTIDXNIFTY28-09-2023CE20200.00', 'openInterest': 17024, 'changeinOpenInterest': 3313, 'pchangeinOpenInterest': 24.1630807380935, 'totalTradedVolume': 30433, 'impliedVolatility': 7.95, 'lastPrice': 14.25, 'change': -0.9000000000000004, 'pChange': -5.940594059405943, 'totalBuyQuantity': 72600, 'totalSellQuantity': 9950, 'bidQty': 200, 'bidprice': 14.1, 'askQty': 50, 'askPrice': 14.25, 'underlyingValue': 19435.3}"
20250,28-Sep-2023,"{'strikePrice': 20250, 'expiryDate': '28-Sep-2023', 'underlying': 'NIFTY', 'identifier': 'OPTIDXNIFTY28-09-2023PE20250.00', 'openInterest': 48, 'changeinOpenInterest': 0, 'pchangeinOpenInterest': 0, 'totalTradedVolume': 0, 'impliedVolatility': 0, 'lastPrice': 858.5, 'change': 0, 'pChange': 0, 'totalBuyQuantity': 6700, 'totalSellQuantity': 5300, 'bidQty': 1500, 'bidprice': 688.25, 'askQty': 50, 'askPrice': 744.35, 'underlyingValue': 19435.3}","{'strikePrice': 20250, 'expiryDate': '28-Sep-2023', 'underlying': 'NIFTY', 'identifier': 'OPTIDXNIFTY28-09-2023CE20250.00', 'openInterest': 8677, 'changeinOpenInterest': 2437, 'pchangeinOpenInterest': 39.05448717948718, 'totalTradedVolume': 12403, 'impliedVolatility': 8.01, 'lastPrice': 11.4, 'change': -1.049999999999999, 'pChange': -8.433734939759029, 'totalBuyQuantity': 55100, 'totalSellQuantity': 1750, 'bidQty': 650, 'bidprice': 11.05, 'askQty': 50, 'askPrice': 11.75, 'underlyingValue': 19435.3}"
20300,28-Sep-2023,"{'strikePrice': 20300, 'expiryDate': '28-Sep-2023', 'underlying': 'NIFTY', 'identifier': 'OPTIDXNIFTY28-09-2023PE20300.00', 'openInterest': 269, 'changeinOpenInterest': 11, 'pchangeinOpenInterest': 4.263565891472868, 'totalTradedVolume': 87, 'impliedVolatility': 14.11, 'lastPrice': 785.7, 'change': -93.54999999999995, 'pChange': -10.639749786750066, 'totalBuyQuantity': 5750, 'totalSellQuantity': 6000, 'bidQty': 100, 'bidprice': 782.35, 'askQty': 800, 'askPrice': 789.1, 'underlyingValue': 19435.3}","{'strikePrice': 20300, 'expiryDate': '28-Sep-2023', 'underlying': 'NIFTY', 'identifier': 'OPTIDXNIFTY28-09-2023CE20300.00', 'openInterest': 18118, 'changeinOpenInterest': 3688, 'pchangeinOpenInterest': 25.557865557865558, 'totalTradedVolume': 22962, 'impliedVolatility': 8.31, 'lastPrice': 10.45, 'change': -2.0500000000000007, 'pChange': -16.400000000000006, 'totalBuyQuantity': 76100, 'totalSellQuantity': 12400, 'bidQty': 50, 'bidprice': 10.25, 'askQty': 1250, 'askPrice': 10.45, 'underlyingValue': 19435.3}"
20350,28-Sep-2023,"{'strikePrice': 20350, 'expiryDate': '28-Sep-2023', 'underlying': 'NIFTY', 'identifier': 'OPTIDXNIFTY28-09-2023PE20350.00', 'openInterest': 66, 'changeinOpenInterest': 3, 'pchangeinOpenInterest': 4.761904761904762, 'totalTradedVolume': 3, 'impliedVolatility': 15.41, 'lastPrice': 845, 'change': -70.60000000000002, 'pChange': -7.710790738313676, 'totalBuyQuantity': 5450, 'totalSellQuantity': 6500, 'bidQty': 100, 'bidprice': 826.95, 'askQty': 50, 'askPrice': 840.25, 'underlyingValue': 19435.3}","{'strikePrice': 20350, 'expiryDate': '28-Sep-2023', 'underlying': 'NIFTY', 'identifier': 'OPTIDXNIFTY28-09-2023CE20350.00', 'openInterest': 638, 'changeinOpenInterest': 195, 'pchangeinOpenInterest': 44.01805869074492, 'totalTradedVolume': 981, 'impliedVolatility': 8.43, 'lastPrice': 8.55, 'change': -2.1499999999999986, 'pChange': -20.093457943925223, 'totalBuyQuantity': 67450, 'totalSellQuantity': 12100, 'bidQty': 200, 'bidprice': 8.6, 'askQty': 1500, 'askPrice': 8.65, 'underlyingValue': 19435.3}"
20400,28-Sep-2023,"{'strikePrice': 20400, 'expiryDate': '28-Sep-2023', 'underlying': 'NIFTY', 'identifier': 'OPTIDXNIFTY28-09-2023PE20400.00', 'openInterest': 139, 'changeinOpenInterest': 6, 'pchangeinOpenInterest': 4.511278195488722, 'totalTradedVolume': 28, 'impliedVolatility': 14.5, 'lastPrice': 874.65, 'change': -120.5, 'pChange': -12.108727327538563, 'totalBuyQuantity': 5000, 'totalSellQuantity': 5300, 'bidQty': 200, 'bidprice': 873.95, 'askQty': 500, 'askPrice': 887.25, 'underlyingValue': 19435.3}","{'strikePrice': 20400, 'expiryDate': '28-Sep-2023', 'underlying': 'NIFTY', 'identifier': 'OPTIDXNIFTY28-09-2023CE20400.00', 'openInterest': 8821, 'changeinOpenInterest': 1494, 'pchangeinOpenInterest': 20.39033710932169, 'totalTradedVolume': 6800, 'impliedVolatility': 8.91, 'lastPrice': 8.95, 'change': -0.6500000000000004, 'pChange': -6.7708333333333375, 'totalBuyQuantity': 108200, 'totalSellQuantity': 8450, 'bidQty': 2000, 'bidprice': 7.5, 'askQty': 300, 'askPrice': 8.35, 'underlyingValue': 19435.3}"
20450,28-Sep-2023,"{'strikePrice': 20450, 'expiryDate': '28-Sep-2023', 'underlying': 'NIFTY', 'identifier': 'OPTIDXNIFTY28-09-2023PE20450.00', 'openInterest': 48, 'changeinOpenInterest': 0, 'pchangeinOpenInterest': 0, 'totalTradedVolume': 0, 'impliedVolatility': 0, 'lastPrice': 912.65, 'change': 0, 'pChange': 0, 'totalBuyQuantity': 5150, 'totalSellQuantity': 5150, 'bidQty': 200, 'bidprice': 910.4, 'askQty': 200, 'askPrice': 977.35, 'underlyingValue': 19435.3}","{'strikePrice': 20450, 'expiryDate': '28-Sep-2023', 'underlying': 'NIFTY', 'identifier': 'OPTIDXNIFTY28-09-2023CE20450.00', 'openInterest': 597, 'changeinOpenInterest': -10, 'pchangeinOpenInterest': -1.6474464579901154, 'totalTradedVolume': 484, 'impliedVolatility': 8.87, 'lastPrice': 6.8, 'change': -1.8500000000000005, 'pChange': -21.387283236994225, 'totalBuyQuantity': 63650, 'totalSellQuantity': 4700, 'bidQty': 400, 'bidprice': 6.85, 'askQty': 1800, 'askPrice': 11.9, 'underlyingValue': 19435.3}"
20500,28-Sep-2023,"{'strikePrice': 20500, 'expiryDate': '28-Sep-2023', 'underlying': 'NIFTY', 'identifier': 'OPTIDXNIFTY28-09-2023PE20500.00', 'openInterest': 4525, 'changeinOpenInterest': 22, 'pchangeinOpenInterest': 0.4885631801021541, 'totalTradedVolume': 502, 'impliedVolatility': 15.93, 'lastPrice': 977.5, 'change': -92.09999999999991, 'pChange': -8.61069558713537, 'totalBuyQuantity': 6000, 'totalSellQuantity': 6450, 'bidQty': 200, 'bidprice': 971.65, 'askQty': 200, 'askPrice': 979.3, 'underlyingValue': 19435.3}","{'strikePrice': 20500, 'expiryDate': '28-Sep-2023', 'underlying': 'NIFTY', 'identifier': 'OPTIDXNIFTY28-09-2023CE20500.00', 'openInterest': 24419, 'changeinOpenInterest': 905, 'pchangeinOpenInterest': 3.8487709449689547, 'totalTradedVolume': 22372, 'impliedVolatility': 9.14, 'lastPrice': 6.25, 'change': -1.5999999999999996, 'pChange': -20.382165605095537, 'totalBuyQuantity': 126600, 'totalSellQuantity': 30050, 'bidQty': 1350, 'bidprice': 6.25, 'askQty': 300, 'askPrice': 7.3, 'underlyingValue': 19435.3}"
20550,28-Sep-2023,"{'strikePrice': 20550, 'expiryDate': '28-Sep-2023', 'underlying': 'NIFTY', 'identifier': 'OPTIDXNIFTY28-09-2023PE20550.00', 'openInterest': 17, 'changeinOpenInterest': 0, 'pchangeinOpenInterest': 0, 'totalTradedVolume': 0, 'impliedVolatility': 0, 'lastPrice': 701.2, 'change': 0, 'pChange': 0, 'totalBuyQuantity': 5150, 'totalSellQuantity': 4250, 'bidQty': 200, 'bidprice': 993.2, 'askQty': 1500, 'askPrice': 1155.3, 'underlyingValue': 19435.3}","{'strikePrice': 20550, 'expiryDate': '28-Sep-2023', 'underlying': 'NIFTY', 'identifier': 'OPTIDXNIFTY28-09-2023CE20550.00', 'openInterest': 2, 'changeinOpenInterest': 2, 'pchangeinOpenInterest': 0, 'totalTradedVolume': 2, 'impliedVolatility': 13.72, 'lastPrice': 34.1, 'change': -185.65, 'pChange': -84.48236632536974, 'totalBuyQuantity': 43900, 'totalSellQuantity': 8500, 'bidQty': 500, 'bidprice': 4.85, 'askQty': 1200, 'askPrice': 14.1, 'underlyingValue': 19435.3}"
20600,28-Sep-2023,"{'strikePrice': 20600, 'expiryDate': '28-Sep-2023', 'underlying': 'NIFTY', 'identifier': 'OPTIDXNIFTY28-09-2023PE20600.00', 'openInterest': 9, 'changeinOpenInterest': 2, 'pchangeinOpenInterest': 28.571428571428573, 'totalTradedVolume': 4, 'impliedVolatility': 20.15, 'lastPrice': 1117.3, 'change': -82.70000000000005, 'pChange': -6.891666666666671, 'totalBuyQuantity': 5250, 'totalSellQuantity': 6650, 'bidQty': 200, 'bidprice': 1064.45, 'askQty': 800, 'askPrice': 1096.1, 'underlyingValue': 19435.3}","{'strikePrice': 20600, 'expiryDate': '28-Sep-2023', 'underlying': 'NIFTY', 'identifier': 'OPTIDXNIFTY28-09-2023CE20600.00', 'openInterest': 2580, 'changeinOpenInterest': 26, 'pchangeinOpenInterest': 1.0180109631949883, 'totalTradedVolume': 3854, 'impliedVolatility': 9.82, 'lastPrice': 5.85, 'change': -1, 'pChange': -14.598540145985403, 'totalBuyQuantity': 60350, 'totalSellQuantity': 5950, 'bidQty': 1050, 'bidprice': 5.15, 'askQty': 500, 'askPrice': 6.1, 'underlyingValue': 19435.3}"
20650,28-Sep-2023,"{'strikePrice': 20650, 'expiryDate': '28-Sep-2023', 'underlying': 'NIFTY', 'identifier': 'OPTIDXNIFTY28-09-2023PE20650.00', 'openInterest': 10, 'changeinOpenInterest': 0, 'pchangeinOpenInterest': 0, 'totalTradedVolume': 0, 'impliedVolatility': 0, 'lastPrice': 839.4, 'change': 0, 'pChange': 0, 'totalBuyQuantity': 5150, 'totalSellQuantity': 5150, 'bidQty': 200, 'bidprice': 1106.9, 'askQty': 200, 'askPrice': 1175.55, 'underlyingValue': 19435.3}","{'strikePrice': 20650, 'expiryDate': '28-Sep-2023', 'underlying': 'NIFTY', 'identifier': 'OPTIDXNIFTY28-09-2023CE20650.00', 'openInterest': 160, 'changeinOpenInterest': -8, 'pchangeinOpenInterest': -4.761904761904762, 'totalTradedVolume': 284, 'impliedVolatility': 10.15, 'lastPrice': 5.65, 'change': -0.5999999999999996, 'pChange': -9.599999999999994, 'totalBuyQuantity': 50600, 'totalSellQuantity': 3300, 'bidQty': 250, 'bidprice': 5.65, 'askQty': 500, 'askPrice': 11.8, 'underlyingValue': 19435.3}"
20700,28-Sep-2023,"{'strikePrice': 20700, 'expiryDate': '28-Sep-2023', 'underlying': 'NIFTY', 'identifier': 'OPTIDXNIFTY28-09-2023PE20700.00', 'openInterest': 5, 'changeinOpenInterest': 0, 'pchangeinOpenInterest': 0, 'totalTradedVolume': 0, 'impliedVolatility': 0, 'lastPrice': 1295, 'change': 0, 'pChange': 0, 'totalBuyQuantity': 7250, 'totalSellQuantity': 7250, 'bidQty': 200, 'bidprice': 1146.85, 'askQty': 200, 'askPrice': 1209.15, 'underlyingValue': 19435.3}","{'strikePrice': 20700, 'expiryDate': '28-Sep-2023', 'underlying': 'NIFTY', 'identifier': 'OPTIDXNIFTY28-09-2023CE20700.00', 'openInterest': 2136, 'changeinOpenInterest': -262, 'pchangeinOpenInterest': -10.925771476230192, 'totalTradedVolume': 3621, 'impliedVolatility': 10.36, 'lastPrice': 5.1, 'change': -0.6000000000000005, 'pChange': -10.526315789473694, 'totalBuyQuantity': 56650, 'totalSellQuantity': 8100, 'bidQty': 600, 'bidprice': 4.2, 'askQty': 550, 'askPrice': 5.25, 'underlyingValue': 19435.3}"
20750,28-Sep-2023,"{'strikePrice': 20750, 'expiryDate': '28-Sep-2023', 'underlying': 'NIFTY', 'identifier': 'OPTIDXNIFTY28-09-2023PE20750.00', 'openInterest': 2, 'changeinOpenInterest': 0, 'pchangeinOpenInterest': 0, 'totalTradedVolume': 0, 'impliedVolatility': 0, 'lastPrice': 1190.65, 'change': 0, 'pChange': 0, 'totalBuyQuantity': 5150, 'totalSellQuantity': 5150, 'bidQty': 200, 'bidprice': 1202.9, 'askQty': 200, 'askPrice': 1277.95, 'underlyingValue': 19435.3}","{'strikePrice': 20750, 'expiryDate': '28-Sep-2023', 'underlying': 'NIFTY', 'identifier': 'OPTIDXNIFTY28-09-2023CE20750.00', 'openInterest': 168, 'changeinOpenInterest': 0, 'pchangeinOpenInterest': 0, 'totalTradedVolume': 246, 'impliedVolatility': 10.61, 'lastPrice': 4.75, 'change': -0.8499999999999996, 'pChange': -15.178571428571422, 'totalBuyQuantity': 42100, 'totalSellQuantity': 3850, 'bidQty': 450, 'bidprice': 4.5, 'askQty': 500, 'askPrice': 9, 'underlyingValue': 19435.3}"
20800,28-Sep-2023,"{'strikePrice': 20800, 'expiryDate': '28-Sep-2023', 'underlying': 'NIFTY', 'identifier': 'OPTIDXNIFTY28-09-2023PE20800.00', 'openInterest': 4, 'changeinOpenInterest': 0, 'pchangeinOpenInterest': 0, 'totalTradedVolume': 0, 'impliedVolatility': 0, 'lastPrice': 1352, 'change': 1.099999999999909, 'pChange': 0.08142719668368562, 'totalBuyQuantity': 5450, 'totalSellQuantity': 6650, 'bidQty': 400, 'bidprice': 1258.95, 'askQty': 200, 'askPrice': 1295.25, 'underlyingValue': 19435.3}","{'strikePrice': 20800, 'expiryDate': '28-Sep-2023', 'underlying': 'NIFTY', 'identifier': 'OPTIDXNIFTY28-09-2023CE20800.00', 'openInterest': 1886, 'changeinOpenInterest': 111, 'pchangeinOpenInterest': 6.253521126760563, 'totalTradedVolume': 1764, 'impliedVolatility': 11.01, 'lastPrice': 4.85, 'change': -0.40000000000000036, 'pChange': -7.619047619047626, 'totalBuyQuantity': 54600, 'totalSellQuantity': 7350, 'bidQty': 550, 'bidprice': 4.25, 'askQty': 1800, 'askPrice': 6.55, 'underlyingValue': 19435.3}"
20850,28-Sep-2023,"{'strikePrice': 20850, 'expiryDate': '28-Sep-2023', 'underlying': 'NIFTY', 'identifier': 'OPTIDXNIFTY28-09-2023PE20850.00', 'openInterest': 0, 'changeinOpenInterest': 0, 'pchangeinOpenInterest': 0, 'totalTradedVolume': 0, 'impliedVolatility': 0, 'lastPrice': 0, 'change': 0, 'pChange': 0, 'totalBuyQuantity': 5150, 'totalSellQuantity': 5150, 'bidQty': 1950, 'bidprice': 1255.55, 'askQty': 200, 'askPrice': 1371.4, 'underlyingValue': 19435.3}","{'strikePrice': 20850, 'expiryDate': '28-Sep-2023', 'underlying': 'NIFTY', 'identifier': 'OPTIDXNIFTY28-09-2023CE20850.00', 'openInterest': 30, 'changeinOpenInterest': 19, 'pchangeinOpenInterest': 172.72727272727272, 'totalTradedVolume': 119, 'impliedVolatility': 11.27, 'lastPrice': 4.55, 'change': -1.2000000000000002, 'pChange': -20.869565217391308, 'totalBuyQuantity': 49200, 'totalSellQuantity': 7700, 'bidQty': 50, 'bidprice': 4.45, 'askQty': 50, 'askPrice': 4.75, 'underlyingValue': 19435.3}"
20900,28-Sep-2023,"{'strikePrice': 20900, 'expiryDate': '28-Sep-2023', 'underlying': 'NIFTY', 'identifier': 'OPTIDXNIFTY28-09-2023PE20900.00', 'openInterest': 29, 'changeinOpenInterest': 1, 'pchangeinOpenInterest': 3.5714285714285716, 'totalTradedVolume': 1, 'impliedVolatility': 18.82, 'lastPrice': 1360, 'change': 10, 'pChange': 0.7407407407407408, 'totalBuyQuantity': 5200, 'totalSellQuantity': 5800, 'bidQty': 250, 'bidprice': 1356.75, 'askQty': 400, 'askPrice': 1400.4, 'underlyingValue': 19435.3}","{'strikePrice': 20900, 'expiryDate': '28-Sep-2023', 'underlying': 'NIFTY', 'identifier': 'OPTIDXNIFTY28-09-2023CE20900.00', 'openInterest': 274, 'changeinOpenInterest': -110, 'pchangeinOpenInterest': -28.645833333333332, 'totalTradedVolume': 533, 'impliedVolatility': 11.45, 'lastPrice': 4.1, 'change': -1.3500000000000005, 'pChange': -24.77064220183487, 'totalBuyQuantity': 47300, 'totalSellQuantity': 7150, 'bidQty': 600, 'bidprice': 4.05, 'askQty': 900, 'askPrice': 4.5, 'underlyingValue': 19435.3}"
20950,28-Sep-2023,"{'strikePrice': 20950, 'expiryDate': '28-Sep-2023', 'underlying': 'NIFTY', 'identifier': 'OPTIDXNIFTY28-09-2023PE20950.00', 'openInterest': 1, 'changeinOpenInterest': 0, 'pchangeinOpenInterest': 0, 'totalTradedVolume': 0, 'impliedVolatility': 0, 'lastPrice': 1464.75, 'change': 0, 'pChange': 0, 'totalBuyQuantity': 4950, 'totalSellQuantity': 4950, 'bidQty': 1950, 'bidprice': 1354.35, 'askQty': 200, 'askPrice': 1480.75, 'underlyingValue': 19435.3}","{'strikePrice': 20950, 'expiryDate': '28-Sep-2023', 'underlying': 'NIFTY', 'identifier': 'OPTIDXNIFTY28-09-2023CE20950.00', 'openInterest': 34, 'changeinOpenInterest': 21, 'pchangeinOpenInterest': 161.53846153846155, 'totalTradedVolume': 98, 'impliedVolatility': 12.05, 'lastPrice': 4.7, 'change': -0.5499999999999998, 'pChange': -10.476190476190473, 'totalBuyQuantity': 43150, 'totalSellQuantity': 10450, 'bidQty': 350, 'bidprice': 4.3, 'askQty': 50, 'askPrice': 4.6, 'underlyingValue': 19435.3}"
21000,28-Sep-2023,"{'strikePrice': 21000, 'expiryDate': '28-Sep-2023', 'underlying': 'NIFTY', 'identifier': 'OPTIDXNIFTY28-09-2023PE21000.00', 'openInterest': 8930, 'changeinOpenInterest': 84, 'pchangeinOpenInterest': 0.9495817318562062, 'totalTradedVolume': 1106, 'impliedVolatility': 20.5, 'lastPrice': 1465.95, 'change': -98.75, 'pChange': -6.311113951556209, 'totalBuyQuantity': 4850, 'totalSellQuantity': 5600, 'bidQty': 50, 'bidprice': 1465.6, 'askQty': 150, 'askPrice': 1474.1, 'underlyingValue': 19435.3}","{'strikePrice': 21000, 'expiryDate': '28-Sep-2023', 'underlying': 'NIFTY', 'identifier': 'OPTIDXNIFTY28-09-2023CE21000.00', 'openInterest': 23027, 'changeinOpenInterest': -260, 'pchangeinOpenInterest': -1.1165027697857173, 'totalTradedVolume': 13148, 'impliedVolatility': 12.2, 'lastPrice': 4.3, 'change': -0.75, 'pChange': -14.85148514851485, 'totalBuyQuantity': 98700, 'totalSellQuantity': 63850, 'bidQty': 150, 'bidprice': 4.2, 'askQty': 300, 'askPrice': 4.3, 'underlyingValue': 19435.3}"
21050,28-Sep-2023,"{'strikePrice': 21050, 'expiryDate': '28-Sep-2023', 'underlying': 'NIFTY', 'identifier': 'OPTIDXNIFTY28-09-2023PE21050.00', 'openInterest': 0, 'changeinOpenInterest': 0, 'pchangeinOpenInterest': 0, 'totalTradedVolume': 0, 'impliedVolatility': 0, 'lastPrice': 0, 'change': 0, 'pChange': 0, 'totalBuyQuantity': 6050, 'totalSellQuantity': 6050, 'bidQty': 1500, 'bidprice': 1456.95, 'askQty': 1500, 'askPrice': 1660.65, 'underlyingValue': 19435.3}","{'strikePrice': 21050, 'expiryDate': '28-Sep-2023', 'underlying': 'NIFTY', 'identifier': 'OPTIDXNIFTY28-09-2023CE21050.00', 'openInterest': 36, 'changeinOpenInterest': 8, 'pchangeinOpenInterest': 28.571428571428573, 'totalTradedVolume': 113, 'impliedVolatility': 12.53, 'lastPrice': 4.15, 'change': -0.7999999999999998, 'pChange': -16.16161616161616, 'totalBuyQuantity': 28100, 'totalSellQuantity': 5500, 'bidQty': 50, 'bidprice': 4.05, 'askQty': 50, 'askPrice': 4.35, 'underlyingValue': 19435.3}"
21100,28-Sep-2023,"{'strikePrice': 21100, 'expiryDate': '28-Sep-2023', 'underlying': 'NIFTY', 'identifier': 'OPTIDXNIFTY28-09-2023PE21100.00', 'openInterest': 0, 'changeinOpenInterest': 0, 'pchangeinOpenInterest': 0, 'totalTradedVolume': 0, 'impliedVolatility': 0, 'lastPrice': 0, 'change': 0, 'pChange': 0, 'totalBuyQuantity': 6450, 'totalSellQuantity': 4950, 'bidQty': 1500, 'bidprice': 1507.05, 'askQty': 400, 'askPrice': 1629.2, 'underlyingValue': 19435.3}","{'strikePrice': 21100, 'expiryDate': '28-Sep-2023', 'underlying': 'NIFTY', 'identifier': 'OPTIDXNIFTY28-09-2023CE21100.00', 'openInterest': 58, 'changeinOpenInterest': 9, 'pchangeinOpenInterest': 18.367346938775512, 'totalTradedVolume': 183, 'impliedVolatility': 12.88, 'lastPrice': 4.2, 'change': -0.5999999999999996, 'pChange': -12.499999999999993, 'totalBuyQuantity': 28100, 'totalSellQuantity': 7650, 'bidQty': 50, 'bidprice': 3.95, 'askQty': 50, 'askPrice': 4.15, 'underlyingValue': 19435.3}"
21150,28-Sep-2023,"{'strikePrice': 21150, 'expiryDate': '28-Sep-2023', 'underlying': 'NIFTY', 'identifier': 'OPTIDXNIFTY28-09-2023PE21150.00', 'openInterest': 0, 'changeinOpenInterest': 0, 'pchangeinOpenInterest': 0, 'totalTradedVolume': 0, 'impliedVolatility': 0, 'lastPrice': 0, 'change': 0, 'pChange': 0, 'totalBuyQuantity': 6050, 'totalSellQuantity': 6050, 'bidQty': 1500, 'bidprice': 1551.95, 'askQty': 1500, 'askPrice': 1759.35, 'underlyingValue': 19435.3}","{'strikePrice': 21150, 'expiryDate': '28-Sep-2023', 'underlying': 'NIFTY', 'identifier': 'OPTIDXNIFTY28-09-2023CE21150.00', 'openInterest': 34, 'changeinOpenInterest': -1, 'pchangeinOpenInterest': -2.857142857142857, 'totalTradedVolume': 85, 'impliedVolatility': 13.2, 'lastPrice': 4.1, 'change': -0.75, 'pChange': -15.463917525773196, 'totalBuyQuantity': 26950, 'totalSellQuantity': 4900, 'bidQty': 150, 'bidprice': 3.9, 'askQty': 1800, 'askPrice': 8.4, 'underlyingValue': 19435.3}"
21200,28-Sep-2023,"{'strikePrice': 21200, 'expiryDate': '28-Sep-2023', 'underlying': 'NIFTY', 'identifier': 'OPTIDXNIFTY28-09-2023PE21200.00', 'openInterest': 1, 'changeinOpenInterest': 0, 'pchangeinOpenInterest': 0, 'totalTradedVolume': 0, 'impliedVolatility': 0, 'lastPrice': 1662.15, 'change': 0, 'pChange': 0, 'totalBuyQuantity': 6450, 'totalSellQuantity': 4950, 'bidQty': 1500, 'bidprice': 1600.4, 'askQty': 400, 'askPrice': 1729.45, 'underlyingValue': 19435.3}","{'strikePrice': 21200, 'expiryDate': '28-Sep-2023', 'underlying': 'NIFTY', 'identifier': 'OPTIDXNIFTY28-09-2023CE21200.00', 'openInterest': 887, 'changeinOpenInterest': -7, 'pchangeinOpenInterest': -0.7829977628635347, 'totalTradedVolume': 835, 'impliedVolatility': 13.48, 'lastPrice': 3.95, 'change': -0.6499999999999995, 'pChange': -14.130434782608686, 'totalBuyQuantity': 28150, 'totalSellQuantity': 3650, 'bidQty': 450, 'bidprice': 3.85, 'askQty': 500, 'askPrice': 6.45, 'underlyingValue': 19435.3}"
21250,28-Sep-2023,"{'strikePrice': 21250, 'expiryDate': '28-Sep-2023', 'underlying': 'NIFTY', 'identifier': 'OPTIDXNIFTY28-09-2023PE21250.00', 'openInterest': 1, 'changeinOpenInterest': 0, 'pchangeinOpenInterest': 0, 'totalTradedVolume': 0, 'impliedVolatility': 0, 'lastPrice': 1663.7, 'change': 0, 'pChange': 0, 'totalBuyQuantity': 6050, 'totalSellQuantity': 6050, 'bidQty': 1500, 'bidprice': 1648.35, 'askQty': 1500, 'askPrice': 1860.95, 'underlyingValue': 19435.3}","{'strikePrice': 21250, 'expiryDate': '28-Sep-2023', 'underlying': 'NIFTY', 'identifier': 'OPTIDXNIFTY28-09-2023CE21250.00', 'openInterest': 85, 'changeinOpenInterest': -34, 'pchangeinOpenInterest': -28.571428571428573, 'totalTradedVolume': 234, 'impliedVolatility': 13.84, 'lastPrice': 4, 'change': -0.4500000000000002, 'pChange': -10.112359550561802, 'totalBuyQuantity': 26000, 'totalSellQuantity': 9450, 'bidQty': 50, 'bidprice': 3.95, 'askQty': 50, 'askPrice': 4.1, 'underlyingValue': 19435.3}"
21300,28-Sep-2023,"{'strikePrice': 21300, 'expiryDate': '28-Sep-2023', 'underlying': 'NIFTY', 'identifier': 'OPTIDXNIFTY28-09-2023PE21300.00', 'openInterest': 1, 'changeinOpenInterest': 0, 'pchangeinOpenInterest': 0, 'totalTradedVolume': 0, 'impliedVolatility': 0, 'lastPrice': 1713.2, 'change': 0, 'pChange': 0, 'totalBuyQuantity': 6450, 'totalSellQuantity': 4950, 'bidQty': 1500, 'bidprice': 1708, 'askQty': 400, 'askPrice': 1830.55, 'underlyingValue': 19435.3}","{'strikePrice': 21300, 'expiryDate': '28-Sep-2023', 'underlying': 'NIFTY', 'identifier': 'OPTIDXNIFTY28-09-2023CE21300.00', 'openInterest': 135, 'changeinOpenInterest': 19, 'pchangeinOpenInterest': 16.379310344827587, 'totalTradedVolume': 186, 'impliedVolatility': 14.18, 'lastPrice': 4, 'change': -0.5999999999999996, 'pChange': -13.04347826086956, 'totalBuyQuantity': 27000, 'totalSellQuantity': 8500, 'bidQty': 150, 'bidprice': 3.95, 'askQty': 50, 'askPrice': 4, 'underlyingValue': 19435.3}"
21350,28-Sep-2023,"{'strikePrice': 21350, 'expiryDate': '28-Sep-2023', 'underlying': 'NIFTY', 'identifier': 'OPTIDXNIFTY28-09-2023PE21350.00', 'openInterest': 0, 'changeinOpenInterest': 0, 'pchangeinOpenInterest': 0, 'totalTradedVolume': 0, 'impliedVolatility': 0, 'lastPrice': 0, 'change': 0, 'pChange': 0, 'totalBuyQuantity': 4550, 'totalSellQuantity': 6050, 'bidQty': 1750, 'bidprice': 1774.25, 'askQty': 1500, 'askPrice': 1962.4, 'underlyingValue': 19435.3}","{'strikePrice': 21350, 'expiryDate': '28-Sep-2023', 'underlying': 'NIFTY', 'identifier': 'OPTIDXNIFTY28-09-2023CE21350.00', 'openInterest': 58, 'changeinOpenInterest': 2, 'pchangeinOpenInterest': 3.5714285714285716, 'totalTradedVolume': 144, 'impliedVolatility': 14.49, 'lastPrice': 3.95, 'change': -0.4500000000000002, 'pChange': -10.22727272727273, 'totalBuyQuantity': 26300, 'totalSellQuantity': 8150, 'bidQty': 300, 'bidprice': 3.85, 'askQty': 800, 'askPrice': 3.95, 'underlyingValue': 19435.3}"
21400,28-Sep-2023,"{'strikePrice': 21400, 'expiryDate': '28-Sep-2023', 'underlying': 'NIFTY', 'identifier': 'OPTIDXNIFTY28-09-2023PE21400.00', 'openInterest': 5, 'changeinOpenInterest': 0, 'pchangeinOpenInterest': 0, 'totalTradedVolume': 0, 'impliedVolatility': 0, 'lastPrice': 1948.6, 'change': 0, 'pChange': 0, 'totalBuyQuantity': 4950, 'totalSellQuantity': 4950, 'bidQty': 400, 'bidprice': 1830.8, 'askQty': 400, 'askPrice': 1929.9, 'underlyingValue': 19435.3}","{'strikePrice': 21400, 'expiryDate': '28-Sep-2023', 'underlying': 'NIFTY', 'identifier': 'OPTIDXNIFTY28-09-2023CE21400.00', 'openInterest': 187, 'changeinOpenInterest': 7, 'pchangeinOpenInterest': 3.888888888888889, 'totalTradedVolume': 151, 'impliedVolatility': 14.88, 'lastPrice': 4.05, 'change': -0.2999999999999998, 'pChange': -6.896551724137928, 'totalBuyQuantity': 25450, 'totalSellQuantity': 10650, 'bidQty': 50, 'bidprice': 3.9, 'askQty': 50, 'askPrice': 4.1, 'underlyingValue': 19435.3}"
21450,28-Sep-2023,"{'strikePrice': 21450, 'expiryDate': '28-Sep-2023', 'underlying': 'NIFTY', 'identifier': 'OPTIDXNIFTY28-09-2023PE21450.00', 'openInterest': 0, 'changeinOpenInterest': 0, 'pchangeinOpenInterest': 0, 'totalTradedVolume': 0, 'impliedVolatility': 0, 'lastPrice': 0, 'change': 0, 'pChange': 0, 'totalBuyQuantity': 6050, 'totalSellQuantity': 6050, 'bidQty': 1500, 'bidprice': 1870.05, 'askQty': 1500, 'askPrice': 2063.3, 'underlyingValue': 19435.3}","{'strikePrice': 21450, 'expiryDate': '28-Sep-2023', 'underlying': 'NIFTY', 'identifier': 'OPTIDXNIFTY28-09-2023CE21450.00', 'openInterest': 128, 'changeinOpenInterest': 2, 'pchangeinOpenInterest': 1.5873015873015872, 'totalTradedVolume': 538, 'impliedVolatility': 15.05, 'lastPrice': 3.75, 'change': 0.1499999999999999, 'pChange': 4.166666666666664, 'totalBuyQuantity': 20550, 'totalSellQuantity': 6450, 'bidQty': 1000, 'bidprice': 3.05, 'askQty': 500, 'askPrice': 5.7, 'underlyingValue': 19435.3}"
21500,28-Sep-2023,"{'strikePrice': 21500, 'expiryDate': '28-Sep-2023', 'underlying': 'NIFTY', 'identifier': 'OPTIDXNIFTY28-09-2023PE21500.00', 'openInterest': 1286, 'changeinOpenInterest': 22, 'pchangeinOpenInterest': 1.740506329113924, 'totalTradedVolume': 55, 'impliedVolatility': 25.76, 'lastPrice': 1966.45, 'change': -91.04999999999995, 'pChange': -4.42527339003645, 'totalBuyQuantity': 7900, 'totalSellQuantity': 7900, 'bidQty': 250, 'bidprice': 1956.45, 'askQty': 150, 'askPrice': 1963.05, 'underlyingValue': 19435.3}","{'strikePrice': 21500, 'expiryDate': '28-Sep-2023', 'underlying': 'NIFTY', 'identifier': 'OPTIDXNIFTY28-09-2023CE21500.00', 'openInterest': 7546, 'changeinOpenInterest': -301, 'pchangeinOpenInterest': -3.8358608385370205, 'totalTradedVolume': 3713, 'impliedVolatility': 15.21, 'lastPrice': 3.45, 'change': -0.2999999999999998, 'pChange': -7.999999999999995, 'totalBuyQuantity': 49050, 'totalSellQuantity': 19700, 'bidQty': 50, 'bidprice': 3.35, 'askQty': 1100, 'askPrice': 3.45, 'underlyingValue': 19435.3}"
22000,28-Sep-2023,"{'strikePrice': 22000, 'expiryDate': '28-Sep-2023', 'underlying': 'NIFTY', 'identifier': 'OPTIDXNIFTY28-09-2023PE22000.00', 'openInterest': 9478, 'changeinOpenInterest': 98, 'pchangeinOpenInterest': 1.044776119402985, 'totalTradedVolume': 300, 'impliedVolatility': 29.6, 'lastPrice': 2457.25, 'change': -95.65000000000009, 'pChange': -3.7467194171334595, 'totalBuyQuantity': 7600, 'totalSellQuantity': 5800, 'bidQty': 150, 'bidprice': 2454.6, 'askQty': 200, 'askPrice': 2464.75, 'underlyingValue': 19435.3}","{'strikePrice': 22000, 'expiryDate': '28-Sep-2023', 'underlying': 'NIFTY', 'identifier': 'OPTIDXNIFTY28-09-2023CE22000.00', 'openInterest': 7625, 'changeinOpenInterest': 158, 'pchangeinOpenInterest': 2.1159769653140486, 'totalTradedVolume': 843, 'impliedVolatility': 18.14, 'lastPrice': 3.1, 'change': -0.6499999999999999, 'pChange': -17.333333333333332, 'totalBuyQuantity': 29950, 'totalSellQuantity': 3600, 'bidQty': 5200, 'bidprice': 3, 'askQty': 1600, 'askPrice': 3.25, 'underlyingValue': 19435.3}"
23000,28-Sep-2023,"{'strikePrice': 23000, 'expiryDate': '28-Sep-2023', 'underlying': 'NIFTY', 'identifier': 'OPTIDXNIFTY28-09-2023PE23000.00', 'openInterest': 2612, 'changeinOpenInterest': 5, 'pchangeinOpenInterest': 0.19179133103183735, 'totalTradedVolume': 37, 'impliedVolatility': 37.44, 'lastPrice': 3447.25, 'change': -92.75, 'pChange': -2.620056497175141, 'totalBuyQuantity': 7400, 'totalSellQuantity': 6600, 'bidQty': 150, 'bidprice': 3444.6, 'askQty': 200, 'askPrice': 3450.2, 'underlyingValue': 19435.3}","{'strikePrice': 23000, 'expiryDate': '28-Sep-2023', 'underlying': 'NIFTY', 'identifier': 'OPTIDXNIFTY28-09-2023CE23000.00', 'openInterest': 5678, 'changeinOpenInterest': 515, 'pchangeinOpenInterest': 9.974820840596552, 'totalTradedVolume': 1067, 'impliedVolatility': 23.81, 'lastPrice': 2.85, 'change': -0.6499999999999999, 'pChange': -18.57142857142857, 'totalBuyQuantity': 42600, 'totalSellQuantity': 12700, 'bidQty': 8900, 'bidprice': 2.8, 'askQty': 50, 'askPrice': 2.85, 'underlyingValue': 19435.3}"
24000,28-Sep-2023,"{'strikePrice': 24000, 'expiryDate': '28-Sep-2023', 'underlying': 'NIFTY', 'identifier': 'OPTIDXNIFTY28-09-2023PE24000.00', 'openInterest': 2, 'changeinOpenInterest': 0, 'pchangeinOpenInterest': 0, 'totalTradedVolume': 0, 'impliedVolatility': 0, 'lastPrice': 4525, 'change': 0, 'pChange': 0, 'totalBuyQuantity': 6250, 'totalSellQuantity': 4750, 'bidQty': 1700, 'bidprice': 4354, 'askQty': 200, 'askPrice': 4537.1, 'underlyingValue': 19435.3}","{'strikePrice': 24000, 'expiryDate': '28-Sep-2023', 'underlying': 'NIFTY', 'identifier': 'OPTIDXNIFTY28-09-2023CE24000.00', 'openInterest': 1272, 'changeinOpenInterest': 428, 'pchangeinOpenInterest': 50.71090047393365, 'totalTradedVolume': 733, 'impliedVolatility': 28.89, 'lastPrice': 2.55, 'change': -0.10000000000000009, 'pChange': -3.7735849056603805, 'totalBuyQuantity': 36550, 'totalSellQuantity': 28150, 'bidQty': 10700, 'bidprice': 2.55, 'askQty': 1150, 'askPrice': 2.7, 'underlyingValue': 19435.3}"
